Id_Ruta,Placa ,Fecha de Salida,Fecha de Llegada,Doc._Identidad_Conductor,Ciudad Origen,Ciudad Destino,Kms Inicial,Kms Final,Peso de Carga (Kg),Ingreso Total ($),ID Estación Combustible,Total Combustible ($),Gastos Peajes,Otros Gastos,ID_Infracción,Multa,Reparación del Vehículo
Id - 00001,JMJ-676,01/01/2024,06/01/2024,96013105,Belén,Atalaya," 8,323 "," 9,818 "," 12,648 "," 215,016 ",EC-0001," 3,979 ",27.00,100,S00, -   ,No
Id - 00002,IMB-180,01/01/2024,04/01/2024,62478524,Pucallpa,Bagua," 10,780 "," 12,553 "," 9,534 "," 209,748 ",EC-0002, 416 ,27.00,127,M69," 2,675 ",Si
Id - 00003,BYT-851,01/01/2024,03/01/2024,29600236,Tambopata,Bagua," 9,348 "," 10,491 "," 15,574 "," 124,592 ",EC-0015, 984 ,41.00,64,S00, -   ,Si
Id - 00004,YSS-710,01/01/2024,04/01/2024,23847972,San Martín,Belén," 8,008 "," 8,433 "," 14,303 "," 328,969 ",EC-0004," 4,370 ",34.00,87,M39, 963 ,No
Id - 00005,KKZ-858,01/01/2024,05/01/2024,72261813,Chanchamayo,Cacatachi," 6,892 "," 8,503 "," 12,155 "," 170,170 ",EC-0012," 3,381 ",38.00,64,S00, -   ,Si
Id - 00006,QFP-733,03/01/2024,07/01/2024,63835295,Oxapampa,Chachapoyas," 7,601 "," 8,997 "," 12,597 "," 113,373 ",EC-0010," 2,320 ",29.00,52,S00, -   ,No
Id - 00007,FHZ-825,03/01/2024,05/01/2024,30050744,Tingo María,Chanchamayo," 7,690 "," 8,113 "," 11,023 "," 110,230 ",EC-0007, 602 ,39.00,106,S00, -   ,Si
Id - 00008,FRS-683,04/01/2024,08/01/2024,60261514,Punchana,Chanchamayo," 10,247 "," 11,463 "," 12,862 "," 270,102 ",EC-0008," 4,025 ",25.00,115,S00, -   ,Si
Id - 00009,WPP-389,04/01/2024,06/01/2024,32930315,Jaén,Coviriali," 11,611 "," 12,950 "," 12,861 "," 77,166 ",EC-0005," 1,386 ",25.00,68,S00, -   ,No
Id - 00010,MEZ-508,05/01/2024,07/01/2024,33496241,Marcapata,Iñapari," 6,738 "," 7,222 "," 13,136 "," 91,952 ",EC-0003, 775 ,34.00,84,S00, -   ,Si
Id - 00011,ZUB-241,05/01/2024,08/01/2024,80187164,San Juan Bautista,Jaén," 11,858 "," 12,902 "," 15,666 "," 187,992 ",EC-0011," 2,171 ",28.00,127,S00, -   ,No
Id - 00012,ODZ-914,07/01/2024,10/01/2024,51494182,Bagua,Jaén," 8,178 "," 9,879 "," 12,552 "," 112,968 ",EC-0009," 2,136 ",35.00,93,S00, -   ,No
Id - 00013,MQG-627,07/01/2024,09/01/2024,68767437,Chachapoyas,Jauja," 8,022 "," 9,263 "," 9,082 "," 145,312 ",EC-0013," 2,544 ",37.00,133,S00, -   ,No
Id - 00014,DZE-482,08/01/2024,11/01/2024,96083445,Atalaya,Juan Guerra," 6,370 "," 7,797 "," 9,171 "," 247,617 ",EC-0014," 2,740 ",39.00,150,S00, -   ,Si
Id - 00015,MYJ-636,09/01/2024,11/01/2024,33061856,Iñapari,La Banda de Shilcayo," 11,870 "," 12,262 "," 10,469 "," 136,097 ",EC-0006, 864 ,40.00,143,S00, -   ,No
Id - 00016,EYQ-965,10/01/2024,13/01/2024,88915090,La Banda de Shilcayo,Llaylla," 9,624 "," 10,825 "," 14,580 "," 145,800 ",EC-0001," 2,944 ",34.00,104,S00, -   ,No
Id - 00017,YFY-346,10/01/2024,15/01/2024,87522564,Perené,Marcapata," 11,814 "," 13,308 "," 14,840 "," 356,160 ",EC-0002," 1,937 ",24.00,124,S00, -   ,No
Id - 00018,CBH-778,11/01/2024,15/01/2024,16814873,Yauyesi,Marcapata," 11,510 "," 11,822 "," 18,617 "," 242,021 ",EC-0015," 2,736 ",23.00,53,S00, -   ,Si
Id - 00019,FNX-889,11/01/2024,15/01/2024,17698615,Morales,Mazamari," 8,907 "," 9,345 "," 17,031 "," 272,496 ",EC-0004," 3,151 ",33.00,47,S00, -   ,No
Id - 00020,DWO-262,13/01/2024,15/01/2024,59306493,Pichanaqui,Morales," 11,582 "," 12,597 "," 10,807 "," 237,754 ",EC-0012, 828 ,42.00,146,S00, -   ,Si
Id - 00021,QST-198,14/01/2024,16/01/2024,39103695,San Luis de Shuaro,Moyobamba.," 11,774 "," 12,868 "," 11,862 "," 71,172 ",EC-0010," 2,480 ",41.00,116,S00, -   ,Si
Id - 00022,ICB-538,14/01/2024,18/01/2024,54309474,San Ramón,Oxapampa," 10,909 "," 12,587 "," 16,648 "," 416,200 ",EC-0007," 2,156 ",40.00,31,S00, -   ,No
Id - 00023,BXZ-199,15/01/2024,20/01/2024,99016333,Vitoc,Oxapampa," 5,511 "," 7,492 "," 9,700 "," 155,200 ",EC-0008," 4,278 ",37.00,95,S00, -   ,No
Id - 00024,ZWO-518,16/01/2024,20/01/2024,67839478,Satipo,Pampa Hermosa," 8,487 "," 9,089 "," 11,940 "," 131,340 ",EC-0005," 1,932 ",40.00,32,S00, -   ,No
Id - 00025,JMJ-676,17/01/2024,21/01/2024,96013105,Coviriali,Pangoa," 6,686 "," 7,462 "," 12,778 "," 293,894 ",EC-0003," 3,575 ",24.00,131,S00, -   ,No
Id - 00026,IMB-180,17/01/2024,20/01/2024,62478524,Llaylla,Perené," 11,250 "," 13,071 "," 19,210 "," 480,250 ",EC-0011," 2,119 ",30.00,115,S00, -   ,No
Id - 00027,BYT-851,18/01/2024,22/01/2024,29600236,Mazamari,Pichanaqui," 10,639 "," 11,626 "," 12,515 "," 300,360 ",EC-0009, 684 ,39.00,66,S00, -   ,No
Id - 00028,YSS-710,19/01/2024,22/01/2024,23847972,Pampa Hermosa,Pucallpa," 5,893 "," 6,468 "," 12,745 "," 63,725 ",EC-0013," 4,344 ",32.00,110,S00, -   ,Si
Id - 00029,KKZ-858,20/01/2024,24/01/2024,72261813,Pangoa,Punchana," 5,769 "," 6,224 "," 9,172 "," 73,376 ",EC-0014, 960 ,22.00,87,S00, -   ,Si
Id - 00030,QFP-733,20/01/2024,25/01/2024,63835295,Río Negro,Río Negro," 10,759 "," 12,292 "," 16,679 "," 216,827 ",EC-0006," 1,044 ",38.00,134,S00, -   ,Si
Id - 00031,FHZ-825,20/01/2024,24/01/2024,30050744,Río Tambo.,Río Tambo.," 9,605 "," 11,246 "," 9,360 "," 46,800 ",EC-0001," 3,404 ",40.00,30,S00, -   ,No
Id - 00032,FRS-683,21/01/2024,25/01/2024,60261514,Cacatachi,San Juan Bautista," 5,643 "," 7,566 "," 17,199 "," 395,577 ",EC-0002, 494 ,22.00,124,S00, -   ,Si
Id - 00033,WPP-389,21/01/2024,24/01/2024,32930315,Juan Guerra,San Luis de Shuaro," 9,495 "," 10,344 "," 13,227 "," 396,810 ",EC-0015," 4,704 ",36.00,37,S00, -   ,No
Id - 00034,MEZ-508,22/01/2024,25/01/2024,33496241,Jauja,San Martín," 11,031 "," 11,996 "," 11,892 "," 190,272 ",EC-0004," 1,311 ",42.00,139,S00, -   ,No
Id - 00035,ZUB-241,23/01/2024,25/01/2024,80187164,Jaén,San Ramón," 8,495 "," 9,233 "," 19,346 "," 116,076 ",EC-0012," 2,116 ",30.00,59,S00, -   ,No
Id - 00036,ODZ-914,24/01/2024,28/01/2024,51494182,Bagua,Satipo," 11,442 "," 12,538 "," 16,958 "," 491,782 ",EC-0010," 3,840 ",32.00,87,S00, -   ,Si
Id - 00037,MQG-627,24/01/2024,27/01/2024,68767437,Tingo María,Tambopata," 10,161 "," 11,612 "," 19,770 "," 296,550 ",EC-0007," 1,372 ",31.00,105,S00, -   ,Si
Id - 00038,DZE-482,24/01/2024,27/01/2024,96083445,Chanchamayo,Tambopata," 10,480 "," 12,110 "," 15,273 "," 381,825 ",EC-0008," 1,472 ",26.00,133,S00, -   ,Si
Id - 00039,MYJ-636,26/01/2024,28/01/2024,33061856,Oxapampa,Tingo María," 10,053 "," 11,383 "," 12,503 "," 350,084 ",EC-0005," 1,155 ",35.00,39,S00, -   ,Si
Id - 00040,EYQ-965,27/01/2024,30/01/2024,88915090,Marcapata,Tingo María," 5,198 "," 5,855 "," 9,106 "," 245,862 ",EC-0003," 4,075 ",31.00,124,S00, -   ,No
Id - 00041,YFY-346,28/01/2024,30/01/2024,87522564,Tambopata,Vitoc," 10,196 "," 11,448 "," 12,444 "," 261,324 ",EC-0011," 2,002 ",38.00,66,S00, -   ,Si
Id - 00042,CBH-778,28/01/2024,02/02/2024,16814873,Moyobamba.,Yauyesi," 7,752 "," 8,065 "," 10,892 "," 217,840 ",EC-0009," 1,080 ",38.00,34,S00, -   ,Si
Id - 00043,FNX-889,29/01/2024,01/02/2024,17698615,Belén,Atalaya," 8,216 "," 8,529 "," 12,143 "," 182,145 ",EC-0013," 3,336 ",24.00,46,S00, -   ,Si
Id - 00044,DWO-262,29/01/2024,03/02/2024,59306493,Pucallpa,Bagua," 10,177 "," 11,306 "," 12,940 "," 362,320 ",EC-0014," 2,380 ",41.00,74,S00, -   ,No
Id - 00045,QST-198,30/01/2024,04/02/2024,39103695,Tambopata,Bagua," 9,031 "," 10,319 "," 13,479 "," 283,059 ",EC-0006," 1,872 ",31.00,43,S00, -   ,Si
Id - 00046,ICB-538,30/01/2024,03/02/2024,54309474,San Martín,Belén," 5,043 "," 5,935 "," 9,991 "," 249,775 ",EC-0001, 966 ,26.00,43,M66," 5,350 ",Si
Id - 00047,BXZ-199,31/01/2024,05/02/2024,99016333,Chanchamayo,Cacatachi," 8,748 "," 9,728 "," 11,363 "," 261,349 ",EC-0002," 2,145 ",31.00,103,M69," 2,675 ",No
Id - 00048,ZWO-518,31/01/2024,02/02/2024,67839478,Oxapampa,Chachapoyas," 6,036 "," 6,502 "," 10,584 "," 306,936 ",EC-0015," 4,776 ",24.00,90,S00, -   ,No
Id - 00049,JMJ-676,31/01/2024,04/02/2024,96013105,Tingo María,Chanchamayo," 10,118 "," 11,160 "," 16,214 "," 405,350 ",EC-0004," 1,771 ",23.00,124,S00, -   ,Si
Id - 00050,IMB-180,31/01/2024,04/02/2024,62478524,Punchana,Chanchamayo," 11,582 "," 11,981 "," 9,787 "," 205,527 ",EC-0012," 2,530 ",38.00,39,S00, -   ,Si
Id - 00051,BYT-851,31/01/2024,03/02/2024,29600236,Jaén,Coviriali," 7,602 "," 8,734 "," 15,248 "," 457,440 ",EC-0010," 1,040 ",26.00,104,S00, -   ,Si
Id - 00052,YSS-710,01/02/2024,03/02/2024,23847972,Marcapata,Iñapari," 10,029 "," 11,343 "," 15,649 "," 375,576 ",EC-0007," 2,436 ",28.00,119,S00, -   ,Si
Id - 00053,KKZ-858,01/02/2024,06/02/2024,72261813,San Juan Bautista,Jaén," 7,166 "," 8,951 "," 15,829 "," 110,803 ",EC-0008," 4,209 ",31.00,139,S00, -   ,Si
Id - 00054,QFP-733,03/02/2024,05/02/2024,63835295,Bagua,Jaén," 8,993 "," 10,589 "," 10,485 "," 314,550 ",EC-0005," 2,877 ",25.00,79,S00, -   ,Si
Id - 00055,FHZ-825,03/02/2024,08/02/2024,30050744,Chachapoyas,Jauja," 11,389 "," 13,328 "," 15,841 "," 79,205 ",EC-0003," 1,975 ",26.00,42,S00, -   ,No
Id - 00056,FRS-683,05/02/2024,10/02/2024,60261514,Atalaya,Juan Guerra," 11,808 "," 12,810 "," 18,835 "," 226,020 ",EC-0011," 1,690 ",29.00,108,S00, -   ,No
Id - 00057,WPP-389,05/02/2024,07/02/2024,32930315,Iñapari,La Banda de Shilcayo," 9,090 "," 9,872 "," 15,947 "," 462,463 ",EC-0009," 2,376 ",22.00,89,S00, -   ,Si
Id - 00058,MEZ-508,06/02/2024,08/02/2024,33496241,La Banda de Shilcayo,Llaylla," 11,884 "," 12,299 "," 19,514 "," 175,626 ",EC-0013," 3,624 ",41.00,99,S00, -   ,No
Id - 00059,ZUB-241,08/02/2024,11/02/2024,80187164,Perené,Marcapata," 6,621 "," 6,976 "," 12,202 "," 170,828 ",EC-0014," 3,460 ",41.00,86,S00, -   ,Si
Id - 00060,ODZ-914,08/02/2024,12/02/2024,51494182,Yauyesi,Marcapata," 6,178 "," 7,118 "," 12,244 "," 159,172 ",EC-0006," 1,620 ",27.00,102,S00, -   ,No
Id - 00061,MQG-627,08/02/2024,13/02/2024,68767437,Morales,Mazamari," 7,057 "," 7,460 "," 10,310 "," 175,270 ",EC-0001," 3,956 ",23.00,47,S00, -   ,No
Id - 00062,DZE-482,08/02/2024,11/02/2024,96083445,Pichanaqui,Morales," 11,619 "," 12,813 "," 9,477 "," 284,310 ",EC-0002," 2,249 ",42.00,143,S00, -   ,Si
Id - 00063,MYJ-636,08/02/2024,11/02/2024,33061856,San Luis de Shuaro,Moyobamba.," 9,944 "," 11,310 "," 19,095 "," 553,755 ",EC-0015," 2,640 ",36.00,111,S00, -   ,No
Id - 00064,EYQ-965,09/02/2024,11/02/2024,88915090,San Ramón,Oxapampa," 8,344 "," 8,847 "," 17,193 "," 309,474 ",EC-0004," 3,611 ",36.00,80,S00, -   ,Si
Id - 00065,YFY-346,09/02/2024,14/02/2024,87522564,Vitoc,Oxapampa," 11,703 "," 12,513 "," 14,142 "," 311,124 ",EC-0012," 3,174 ",35.00,90,S00, -   ,No
Id - 00066,CBH-778,10/02/2024,13/02/2024,16814873,Satipo,Pampa Hermosa," 5,386 "," 6,839 "," 16,181 "," 275,077 ",EC-0010, 620 ,39.00,89,S00, -   ,Si
Id - 00067,FNX-889,11/02/2024,15/02/2024,17698615,Coviriali,Pangoa," 5,833 "," 6,856 "," 16,492 "," 214,396 ",EC-0007," 1,610 ",25.00,139,S00, -   ,Si
Id - 00068,DWO-262,11/02/2024,16/02/2024,59306493,Llaylla,Perené," 10,823 "," 12,373 "," 10,177 "," 122,124 ",EC-0008, 805 ,28.00,74,S00, -   ,No
Id - 00069,QST-198,12/02/2024,14/02/2024,39103695,Mazamari,Pichanaqui," 8,265 "," 8,904 "," 14,634 "," 73,170 ",EC-0005," 1,470 ",28.00,149,S00, -   ,No
Id - 00070,ICB-538,12/02/2024,14/02/2024,54309474,Pampa Hermosa,Pucallpa," 5,880 "," 7,313 "," 10,746 "," 257,904 ",EC-0003," 3,075 ",33.00,104,S00, -   ,No
Id - 00071,BXZ-199,13/02/2024,17/02/2024,99016333,Pangoa,Punchana," 7,987 "," 9,338 "," 11,094 "," 188,598 ",EC-0011, 416 ,34.00,134,S00, -   ,Si
Id - 00072,JMJ-676,13/02/2024,15/02/2024,67839478,Río Negro,Río Negro," 7,630 "," 9,073 "," 11,631 "," 139,572 ",EC-0009," 2,304 ",27.00,41,S00, -   ,Si
Id - 00073,IMB-180,14/02/2024,17/02/2024,96013105,Río Tambo.,Río Tambo.," 9,253 "," 10,129 "," 10,448 "," 250,752 ",EC-0013," 2,640 ",23.00,57,S00, -   ,Si
Id - 00074,BYT-851,14/02/2024,16/02/2024,62478524,Cacatachi,San Juan Bautista," 5,698 "," 7,463 "," 16,731 "," 418,275 ",EC-0014," 1,340 ",30.00,112,S00, -   ,Si
Id - 00075,YSS-710,15/02/2024,18/02/2024,29600236,Juan Guerra,San Luis de Shuaro," 10,341 "," 11,790 "," 12,418 "," 248,360 ",EC-0006," 1,776 ",40.00,102,S00, -   ,No
Id - 00076,KKZ-858,15/02/2024,17/02/2024,23847972,Jauja,San Martín," 7,682 "," 8,186 "," 15,461 "," 247,376 ",EC-0001," 4,439 ",31.00,149,S00, -   ,No
Id - 00077,QFP-733,16/02/2024,21/02/2024,72261813,Jaén,San Ramón," 10,228 "," 11,440 "," 19,657 "," 137,599 ",EC-0002, 663 ,27.00,100,S00, -   ,Si
Id - 00078,FHZ-825,16/02/2024,19/02/2024,63835295,Bagua,Satipo," 6,961 "," 8,748 "," 10,167 "," 213,507 ",EC-0015," 2,424 ",27.00,140,S00, -   ,No
Id - 00079,FRS-683,16/02/2024,18/02/2024,30050744,Tingo María,Tambopata," 11,968 "," 13,759 "," 14,576 "," 306,096 ",EC-0004," 3,726 ",41.00,133,S00, -   ,Si
Id - 00080,WPP-389,17/02/2024,21/02/2024,60261514,Chanchamayo,Tambopata," 10,381 "," 11,172 "," 11,930 "," 178,950 ",EC-0012," 4,232 ",22.00,41,S00, -   ,Si
Id - 00081,MEZ-508,17/02/2024,22/02/2024,32930315,Oxapampa,Tingo María," 7,724 "," 9,351 "," 11,649 "," 163,086 ",EC-0010, 720 ,29.00,33,S00, -   ,Si
Id - 00082,ZUB-241,17/02/2024,22/02/2024,33496241,Marcapata,Tingo María," 8,669 "," 10,186 "," 14,496 "," 333,408 ",EC-0007," 1,232 ",25.00,37,S00, -   ,Si
Id - 00083,ODZ-914,20/02/2024,25/02/2024,80187164,Tambopata,Vitoc," 6,178 "," 7,105 "," 15,031 "," 135,279 ",EC-0008," 3,243 ",40.00,131,S00, -   ,No
Id - 00084,MQG-627,20/02/2024,23/02/2024,51494182,Moyobamba.,Yauyesi," 11,706 "," 12,106 "," 11,600 "," 139,200 ",EC-0005," 3,108 ",38.00,33,S00, -   ,No
Id - 00085,DZE-482,20/02/2024,23/02/2024,68767437,Belén,Atalaya," 10,853 "," 12,051 "," 18,949 "," 568,470 ",EC-0003," 4,300 ",24.00,133,S00, -   ,Si
Id - 00086,MYJ-636,20/02/2024,25/02/2024,96083445,Pucallpa,Bagua," 7,977 "," 8,334 "," 17,834 "," 374,514 ",EC-0011, 819 ,37.00,60,S00, -   ,Si
Id - 00087,EYQ-965,21/02/2024,24/02/2024,33061856,Tambopata,Bagua," 6,022 "," 7,188 "," 9,813 "," 245,325 ",EC-0009, 984 ,38.00,93,S00, -   ,Si
Id - 00088,YFY-346,24/02/2024,29/02/2024,88915090,San Martín,Belén," 11,496 "," 12,399 "," 16,151 "," 403,775 ",EC-0013," 3,240 ",40.00,125,S00, -   ,Si
Id - 00089,CBH-778,24/02/2024,28/02/2024,87522564,Chanchamayo,Cacatachi," 6,755 "," 7,307 "," 16,684 "," 150,156 ",EC-0014," 3,060 ",23.00,52,S00, -   ,No
Id - 00090,FNX-889,24/02/2024,27/02/2024,16814873,Oxapampa,Chachapoyas," 9,838 "," 10,227 "," 12,277 "," 110,493 ",EC-0006," 2,328 ",40.00,48,S00, -   ,No
Id - 00091,DWO-262,25/02/2024,28/02/2024,17698615,Tingo María,Chanchamayo," 8,157 "," 8,916 "," 18,302 "," 549,060 ",EC-0001," 3,289 ",42.00,127,S00, -   ,No
Id - 00092,QST-198,26/02/2024,01/03/2024,59306493,Punchana,Chanchamayo," 6,995 "," 8,640 "," 10,491 "," 115,401 ",EC-0002, 546 ,29.00,101,S00, -   ,No
Id - 00093,ICB-538,28/02/2024,03/03/2024,39103695,Jaén,Coviriali," 9,325 "," 10,931 "," 9,852 "," 128,076 ",EC-0015," 3,168 ",22.00,58,S00, -   ,Si
Id - 00094,BXZ-199,28/02/2024,02/03/2024,54309474,Marcapata,Iñapari," 5,655 "," 6,513 "," 15,132 "," 257,244 ",EC-0004," 2,668 ",31.00,79,S00, -   ,No
Id - 00095,ZWO-518,02/03/2024,04/03/2024,99016333,San Juan Bautista,Jaén," 9,174 "," 9,710 "," 15,535 "," 434,980 ",EC-0012," 1,472 ",32.00,105,S00, -   ,No
Id - 00096,JMJ-676,03/03/2024,08/03/2024,67839478,Bagua,Jaén," 11,917 "," 13,370 "," 12,849 "," 385,470 ",EC-0010," 3,580 ",24.00,143,S00, -   ,Si
Id - 00097,IMB-180,04/03/2024,08/03/2024,96013105,Chachapoyas,Jauja," 8,071 "," 8,411 "," 12,283 "," 196,528 ",EC-0007," 1,512 ",38.00,83,S00, -   ,Si
Id - 00098,BYT-851,05/03/2024,08/03/2024,62478524,Atalaya,Juan Guerra," 10,396 "," 12,174 "," 9,936 "," 129,168 ",EC-0008," 1,081 ",24.00,128,S00, -   ,Si
Id - 00099,YSS-710,06/03/2024,09/03/2024,29600236,Iñapari,La Banda de Shilcayo," 5,205 "," 6,974 "," 9,218 "," 55,308 ",EC-0005," 2,142 ",25.00,68,S00, -   ,No
Id - 00100,KKZ-858,08/03/2024,13/03/2024,23847972,La Banda de Shilcayo,Llaylla," 9,074 "," 10,836 "," 15,785 "," 363,055 ",EC-0003," 4,950 ",39.00,41,S00, -   ,No
Id - 00101,QFP-733,10/03/2024,14/03/2024,72261813,Perené,Marcapata," 7,796 "," 8,528 "," 19,180 "," 364,420 ",EC-0011, 468 ,41.00,30,S00, -   ,No
Id - 00102,FHZ-825,11/03/2024,16/03/2024,63835295,Yauyesi,Marcapata," 5,212 "," 7,084 "," 12,587 "," 213,979 ",EC-0009," 2,316 ",27.00,121,S00, -   ,Si
Id - 00103,FRS-683,12/03/2024,16/03/2024,30050744,Morales,Mazamari," 11,084 "," 12,230 "," 19,235 "," 115,410 ",EC-0013," 4,368 ",42.00,73,S00, -   ,Si
Id - 00104,WPP-389,12/03/2024,16/03/2024,60261514,Pichanaqui,Morales," 10,578 "," 11,054 "," 15,162 "," 318,402 ",EC-0014," 2,860 ",40.00,83,S00, -   ,No
Id - 00105,MEZ-508,12/03/2024,16/03/2024,32930315,San Luis de Shuaro,Moyobamba.," 9,000 "," 10,657 "," 15,113 "," 196,469 ",EC-0006, 840 ,41.00,118,S00, -   ,Si
Id - 00106,ZUB-241,12/03/2024,15/03/2024,33496241,San Ramón,Oxapampa," 6,160 "," 8,050 "," 17,581 "," 316,458 ",EC-0001," 3,220 ",32.00,116,S00, -   ,Si
Id - 00107,ODZ-914,13/03/2024,15/03/2024,80187164,Vitoc,Oxapampa," 11,578 "," 13,137 "," 12,245 "," 232,655 ",EC-0002," 1,443 ",25.00,136,S00, -   ,Si
Id - 00108,MQG-627,14/03/2024,16/03/2024,51494182,Satipo,Pampa Hermosa," 9,955 "," 10,771 "," 16,503 "," 132,024 ",EC-0015," 2,256 ",27.00,79,S00, -   ,Si
Id - 00109,DZE-482,16/03/2024,20/03/2024,68767437,Coviriali,Pangoa," 8,315 "," 8,748 "," 13,242 "," 79,452 ",EC-0004," 1,173 ",38.00,77,S00, -   ,No
Id - 00110,MYJ-636,17/03/2024,22/03/2024,96083445,Llaylla,Perené," 6,648 "," 7,094 "," 19,903 "," 517,478 ",EC-0012," 3,289 ",40.00,106,S00, -   ,No
Id - 00111,EYQ-965,18/03/2024,22/03/2024,33061856,Mazamari,Pichanaqui," 6,755 "," 8,094 "," 13,262 "," 251,978 ",EC-0010," 2,520 ",24.00,88,S00, -   ,Si
Id - 00112,YFY-346,18/03/2024,21/03/2024,88915090,Pampa Hermosa,Pucallpa," 11,755 "," 13,000 "," 10,910 "," 163,650 ",EC-0007," 2,184 ",35.00,105,S00, -   ,No
Id - 00113,CBH-778,18/03/2024,21/03/2024,87522564,Pangoa,Punchana," 11,737 "," 12,654 "," 13,908 "," 278,160 ",EC-0008, 690 ,38.00,132,S00, -   ,Si
Id - 00114,FNX-889,19/03/2024,21/03/2024,16814873,Río Negro,Río Negro," 10,829 "," 12,745 "," 13,908 "," 194,712 ",EC-0005," 3,486 ",35.00,140,S00, -   ,No
Id - 00115,DWO-262,20/03/2024,25/03/2024,17698615,Río Tambo.,Río Tambo.," 9,729 "," 10,163 "," 11,192 "," 290,992 ",EC-0003," 4,850 ",25.00,62,S00, -   ,No
Id - 00116,QST-198,21/03/2024,23/03/2024,59306493,Cacatachi,San Juan Bautista," 11,491 "," 12,461 "," 13,782 "," 165,384 ",EC-0011," 1,560 ",36.00,135,S00, -   ,Si
Id - 00117,ICB-538,22/03/2024,25/03/2024,39103695,Juan Guerra,San Luis de Shuaro," 10,485 "," 11,338 "," 9,580 "," 258,660 ",EC-0009," 1,656 ",37.00,115,S00, -   ,Si
Id - 00118,BXZ-199,22/03/2024,25/03/2024,54309474,Jauja,San Martín," 9,996 "," 11,104 "," 12,646 "," 164,398 ",EC-0013," 4,584 ",28.00,82,S00, -   ,Si
Id - 00119,ZWO-518,22/03/2024,24/03/2024,99016333,Jaén,San Ramón," 8,930 "," 10,021 "," 12,110 "," 193,760 ",EC-0014," 2,960 ",38.00,69,S00, -   ,Si
Id - 00120,JMJ-676,23/03/2024,25/03/2024,67839478,Bagua,Satipo," 10,191 "," 11,766 "," 11,711 "," 117,110 ",EC-0006, 960 ,22.00,48,S00, -   ,No
Id - 00121,IMB-180,23/03/2024,28/03/2024,96013105,Tingo María,Tambopata," 6,704 "," 7,522 "," 9,512 "," 247,312 ",EC-0001," 1,955 ",42.00,70,S00, -   ,Si
Id - 00122,BYT-851,24/03/2024,26/03/2024,62478524,Chanchamayo,Tambopata," 8,554 "," 10,099 "," 9,360 "," 215,280 ",EC-0002," 1,170 ",41.00,117,S00, -   ,Si
Id - 00123,YSS-710,26/03/2024,30/03/2024,29600236,Oxapampa,Tingo María," 11,458 "," 13,169 "," 16,163 "," 420,238 ",EC-0015," 3,720 ",37.00,94,S00, -   ,Si
Id - 00124,KKZ-858,31/03/2024,03/04/2024,23847972,Marcapata,Tingo María," 6,567 "," 6,926 "," 19,363 "," 348,534 ",EC-0004," 1,426 ",27.00,144,S00, -   ,Si
Id - 00125,QFP-733,31/03/2024,04/04/2024,72261813,Tambopata,Vitoc," 8,687 "," 9,301 "," 14,924 "," 223,860 ",EC-0012," 2,369 ",37.00,48,S00, -   ,Si
Id - 00126,FHZ-825,31/03/2024,05/04/2024,63835295,Moyobamba.,Yauyesi," 10,597 "," 11,896 "," 9,207 "," 82,863 ",EC-0010, 680 ,31.00,82,S00, -   ,No
Id - 00127,FRS-683,31/03/2024,03/04/2024,30050744,Belén,Atalaya," 5,551 "," 7,234 "," 11,462 "," 263,626 ",EC-0007," 1,554 ",41.00,81,S00, -   ,No
Id - 00128,WPP-389,01/04/2024,06/04/2024,60261514,Pucallpa,Bagua," 10,160 "," 11,875 "," 12,042 "," 168,588 ",EC-0008, 828 ,40.00,60,S00, -   ,No
Id - 00129,MEZ-508,01/04/2024,06/04/2024,32930315,Tambopata,Bagua," 8,978 "," 10,455 "," 12,099 "," 362,970 ",EC-0005," 1,176 ",42.00,120,S00, -   ,No
Id - 00130,ZUB-241,01/04/2024,04/04/2024,33496241,San Martín,Belén," 10,258 "," 11,915 "," 18,114 "," 326,052 ",EC-0003," 1,525 ",37.00,94,S00, -   ,Si
Id - 00131,ODZ-914,02/04/2024,04/04/2024,80187164,Chanchamayo,Cacatachi," 6,915 "," 8,213 "," 15,332 "," 229,980 ",EC-0011," 2,509 ",24.00,80,S00, -   ,Si
Id - 00132,MQG-627,02/04/2024,07/04/2024,51494182,Oxapampa,Chachapoyas," 10,453 "," 11,122 "," 11,540 "," 242,340 ",EC-0009," 1,548 ",23.00,95,S00, -   ,Si
Id - 00133,DZE-482,03/04/2024,06/04/2024,68767437,Tingo María,Chanchamayo," 5,076 "," 6,039 "," 16,696 "," 317,224 ",EC-0013, 744 ,34.00,54,S00, -   ,No
Id - 00134,MYJ-636,03/04/2024,08/04/2024,96083445,Punchana,Chanchamayo," 5,929 "," 7,567 "," 17,483 "," 419,592 ",EC-0014," 2,660 ",41.00,124,S00, -   ,Si
Id - 00135,EYQ-965,03/04/2024,08/04/2024,33061856,Jaén,Coviriali," 7,678 "," 8,939 "," 19,051 "," 495,326 ",EC-0006," 1,152 ",29.00,105,S00, -   ,Si
Id - 00136,YFY-346,04/04/2024,06/04/2024,88915090,Marcapata,Iñapari," 9,153 "," 9,597 "," 15,646 "," 359,858 ",EC-0001," 2,116 ",34.00,73,S00, -   ,No
Id - 00137,CBH-778,05/04/2024,09/04/2024,87522564,San Juan Bautista,Jaén," 8,602 "," 10,179 "," 10,249 "," 256,225 ",EC-0002," 1,885 ",32.00,59,S00, -   ,Si
Id - 00138,FNX-889,06/04/2024,09/04/2024,16814873,Bagua,Jaén," 5,643 "," 7,253 "," 11,313 "," 328,077 ",EC-0015," 1,776 ",35.00,134,S00, -   ,Si
Id - 00139,DWO-262,07/04/2024,10/04/2024,17698615,Chachapoyas,Jauja," 7,278 "," 8,852 "," 15,820 "," 221,480 ",EC-0004," 4,577 ",28.00,67,S00, -   ,Si
Id - 00140,QST-198,07/04/2024,09/04/2024,59306493,Atalaya,Juan Guerra," 5,484 "," 6,250 "," 10,432 "," 83,456 ",EC-0012," 2,392 ",31.00,150,S00, -   ,No
Id - 00141,ICB-538,07/04/2024,10/04/2024,39103695,Iñapari,La Banda de Shilcayo," 11,153 "," 12,221 "," 13,495 "," 296,890 ",EC-0010," 2,180 ",31.00,61,S00, -   ,No
Id - 00142,BXZ-199,08/04/2024,10/04/2024,54309474,La Banda de Shilcayo,Llaylla," 6,560 "," 7,018 "," 14,022 "," 266,418 ",EC-0007," 2,268 ",39.00,106,S00, -   ,No
Id - 00143,ZWO-518,08/04/2024,12/04/2024,99016333,Perené,Marcapata," 6,345 "," 7,492 "," 18,407 "," 184,070 ",EC-0008," 2,438 ",30.00,144,S00, -   ,No
Id - 00144,JMJ-676,10/04/2024,13/04/2024,67839478,Yauyesi,Marcapata," 5,003 "," 5,659 "," 18,690 "," 149,520 ",EC-0005," 3,864 ",32.00,74,S00, -   ,No
Id - 00145,IMB-180,10/04/2024,15/04/2024,96013105,Morales,Mazamari," 11,556 "," 12,285 "," 17,108 "," 239,512 ",EC-0003," 2,825 ",26.00,82,S00, -   ,Si
Id - 00146,BYT-851,11/04/2024,13/04/2024,62478524,Pichanaqui,Morales," 8,642 "," 10,117 "," 19,947 "," 239,364 ",EC-0011," 1,170 ",22.00,129,S00, -   ,No
Id - 00147,YSS-710,12/04/2024,17/04/2024,29600236,San Luis de Shuaro,Moyobamba.," 9,271 "," 9,909 "," 13,926 "," 181,038 ",EC-0009, 696 ,25.00,130,S00, -   ,Si
Id - 00148,KKZ-858,13/04/2024,17/04/2024,23847972,San Ramón,Oxapampa," 5,021 "," 5,614 "," 10,828 "," 227,388 ",EC-0013," 3,000 ",38.00,94,S00, -   ,Si
Id - 00149,QFP-733,15/04/2024,18/04/2024,72261813,Vitoc,Oxapampa," 10,639 "," 12,288 "," 14,432 "," 259,776 ",EC-0014," 3,820 ",34.00,117,S00, -   ,No
Id - 00150,FHZ-825,16/04/2024,21/04/2024,63835295,Satipo,Pampa Hermosa," 11,078 "," 11,974 "," 11,712 "," 257,664 ",EC-0006," 1,308 ",32.00,83,S00, -   ,Si
Id - 00151,FRS-683,16/04/2024,18/04/2024,30050744,Coviriali,Pangoa," 9,160 "," 11,009 "," 14,388 "," 143,880 ",EC-0001," 1,748 ",25.00,142,S00, -   ,Si
Id - 00152,WPP-389,17/04/2024,21/04/2024,60261514,Llaylla,Perené," 10,684 "," 11,473 "," 9,254 "," 194,334 ",EC-0002, 533 ,32.00,63,S00, -   ,No
Id - 00153,MEZ-508,18/04/2024,22/04/2024,32930315,Mazamari,Pichanaqui," 8,675 "," 10,285 "," 12,881 "," 193,215 ",EC-0015," 3,600 ",37.00,109,S00, -   ,Si
Id - 00154,ZUB-241,19/04/2024,22/04/2024,33496241,Pampa Hermosa,Pucallpa," 8,218 "," 8,591 "," 13,005 "," 208,080 ",EC-0004," 4,439 ",37.00,119,S00, -   ,Si
Id - 00155,ODZ-914,19/04/2024,21/04/2024,80187164,Pangoa,Punchana," 9,506 "," 10,577 "," 19,826 "," 99,130 ",EC-0012," 1,725 ",39.00,52,S00, -   ,Si
Id - 00156,MQG-627,20/04/2024,25/04/2024,51494182,Río Negro,Río Negro," 7,256 "," 8,020 "," 11,551 "," 311,877 ",EC-0010," 1,520 ",36.00,36,S00, -   ,Si
Id - 00157,DZE-482,20/04/2024,25/04/2024,68767437,Río Tambo.,Río Tambo.," 6,640 "," 7,933 "," 10,128 "," 172,176 ",EC-0007," 2,450 ",36.00,108,S00, -   ,Si
Id - 00158,MYJ-636,21/04/2024,26/04/2024,96083445,Cacatachi,San Juan Bautista," 8,135 "," 9,725 "," 17,011 "," 306,198 ",EC-0008," 3,634 ",23.00,98,S00, -   ,Si
Id - 00159,EYQ-965,22/04/2024,25/04/2024,33061856,Juan Guerra,San Luis de Shuaro," 7,306 "," 8,973 "," 17,777 "," 177,770 ",EC-0005," 3,423 ",33.00,130,S00, -   ,Si
Id - 00160,YFY-346,24/04/2024,29/04/2024,88915090,Jauja,San Martín," 9,240 "," 9,937 "," 13,946 "," 292,866 ",EC-0003," 4,250 ",32.00,82,S00, -   ,Si
Id - 00161,CBH-778,24/04/2024,28/04/2024,87522564,Jaén,San Ramón," 6,630 "," 8,526 "," 18,065 "," 487,755 ",EC-0011," 1,560 ",26.00,42,S00, -   ,No
Id - 00162,FNX-889,26/04/2024,29/04/2024,16814873,Bagua,Satipo," 7,943 "," 8,992 "," 15,310 "," 229,650 ",EC-0009, 900 ,37.00,125,S00, -   ,No
Id - 00163,DWO-262,26/04/2024,28/04/2024,17698615,Tingo María,Tambopata," 5,737 "," 7,694 "," 15,356 "," 460,680 ",EC-0013," 3,624 ",27.00,94,S00, -   ,Si
Id - 00164,QST-198,27/04/2024,30/04/2024,59306493,Chanchamayo,Tambopata," 9,811 "," 10,336 "," 15,216 "," 441,264 ",EC-0014," 1,720 ",24.00,110,S00, -   ,Si
Id - 00165,ICB-538,27/04/2024,01/05/2024,39103695,Oxapampa,Tingo María," 8,924 "," 10,310 "," 10,368 "," 145,152 ",EC-0006," 1,008 ",37.00,95,S00, -   ,Si
Id - 00166,BXZ-199,28/04/2024,03/05/2024,54309474,Marcapata,Tingo María," 7,027 "," 8,367 "," 14,001 "," 294,021 ",EC-0001," 1,150 ",22.00,43,S00, -   ,No
Id - 00167,JMJ-676,29/04/2024,01/05/2024,99016333,Tambopata,Vitoc," 5,302 "," 7,002 "," 10,704 "," 64,224 ",EC-0002," 1,339 ",38.00,109,S00, -   ,Si
Id - 00168,IMB-180,29/04/2024,02/05/2024,67839478,Moyobamba.,Yauyesi," 10,829 "," 11,752 "," 12,072 "," 325,944 ",EC-0015," 2,424 ",22.00,43,S00, -   ,Si
Id - 00169,BYT-851,29/04/2024,04/05/2024,96013105,Belén,Atalaya," 8,372 "," 8,926 "," 18,017 "," 162,153 ",EC-0004," 2,507 ",24.00,54,S00, -   ,Si
Id - 00170,YSS-710,29/04/2024,04/05/2024,62478524,Pucallpa,Bagua," 9,962 "," 11,124 "," 15,075 "," 361,800 ",EC-0012," 3,864 ",26.00,96,S00, -   ,No
Id - 00171,KKZ-858,29/04/2024,01/05/2024,29600236,Tambopata,Bagua," 8,335 "," 9,002 "," 10,000 "," 100,000 ",EC-0010," 3,560 ",39.00,86,S00, -   ,No
Id - 00172,QFP-733,30/04/2024,03/05/2024,23847972,San Martín,Belén," 7,434 "," 9,264 "," 12,602 "," 176,428 ",EC-0007," 1,190 ",26.00,149,S00, -   ,No
Id - 00173,FHZ-825,02/05/2024,04/05/2024,72261813,Chanchamayo,Cacatachi," 6,736 "," 7,584 "," 14,650 "," 175,800 ",EC-0008," 1,380 ",42.00,60,S00, -   ,No
Id - 00174,FRS-683,03/05/2024,05/05/2024,63835295,Oxapampa,Chachapoyas," 6,468 "," 7,053 "," 18,637 "," 223,644 ",EC-0005," 1,071 ",27.00,82,S00, -   ,Si
Id - 00175,WPP-389,03/05/2024,06/05/2024,30050744,Tingo María,Chanchamayo," 7,682 "," 8,192 "," 13,537 "," 338,425 ",EC-0003," 3,325 ",22.00,77,S00, -   ,Si
Id - 00176,MEZ-508,03/05/2024,06/05/2024,60261514,Punchana,Chanchamayo," 8,990 "," 9,688 "," 19,186 "," 575,580 ",EC-0011, 689 ,37.00,101,S00, -   ,No
Id - 00177,ZUB-241,03/05/2024,08/05/2024,32930315,Jaén,Coviriali," 5,178 "," 6,506 "," 14,436 "," 404,208 ",EC-0009," 1,200 ",34.00,138,S00, -   ,No
Id - 00178,ODZ-914,03/05/2024,06/05/2024,33496241,Marcapata,Iñapari," 6,664 "," 7,151 "," 19,616 "," 568,864 ",EC-0013," 2,880 ",42.00,45,S00, -   ,Si
Id - 00179,MQG-627,04/05/2024,09/05/2024,80187164,San Juan Bautista,Jaén," 7,908 "," 8,408 "," 17,874 "," 428,976 ",EC-0014," 1,340 ",23.00,93,S00, -   ,No
Id - 00180,DZE-482,05/05/2024,07/05/2024,51494182,Bagua,Jaén," 10,894 "," 12,762 "," 18,655 "," 466,375 ",EC-0006," 1,668 ",23.00,60,S00, -   ,Si
Id - 00181,MYJ-636,05/05/2024,07/05/2024,68767437,Chachapoyas,Jauja," 5,357 "," 6,997 "," 11,948 "," 167,272 ",EC-0001," 2,967 ",30.00,109,S00, -   ,Si
Id - 00182,EYQ-965,05/05/2024,07/05/2024,96083445,Atalaya,Juan Guerra," 5,189 "," 5,556 "," 11,139 "," 200,502 ",EC-0002," 2,431 ",32.00,46,S00, -   ,No
Id - 00183,YFY-346,05/05/2024,09/05/2024,33061856,Iñapari,La Banda de Shilcayo," 8,770 "," 10,261 "," 14,854 "," 297,080 ",EC-0015, 792 ,38.00,134,S00, -   ,No
Id - 00184,CBH-778,06/05/2024,09/05/2024,88915090,La Banda de Shilcayo,Llaylla," 7,718 "," 8,282 "," 9,665 "," 222,295 ",EC-0004, 851 ,39.00,104,S00, -   ,No
Id - 00185,FNX-889,06/05/2024,09/05/2024,87522564,Perené,Marcapata," 7,907 "," 9,012 "," 15,558 "," 451,182 ",EC-0012," 3,289 ",23.00,143,S00, -   ,Si
Id - 00186,DWO-262,06/05/2024,10/05/2024,16814873,Yauyesi,Marcapata," 11,262 "," 11,854 "," 13,189 "," 342,914 ",EC-0010," 2,900 ",38.00,123,S00, -   ,Si
Id - 00187,QST-198,07/05/2024,12/05/2024,17698615,Morales,Mazamari," 7,641 "," 8,427 "," 9,694 "," 184,186 ",EC-0007, 602 ,23.00,73,S00, -   ,No
Id - 00188,ICB-538,07/05/2024,11/05/2024,59306493,Pichanaqui,Morales," 9,404 "," 10,582 "," 10,228 "," 132,964 ",EC-0008," 1,679 ",29.00,137,S00, -   ,Si
Id - 00189,BXZ-199,08/05/2024,11/05/2024,39103695,San Luis de Shuaro,Moyobamba.," 10,061 "," 11,824 "," 11,566 "," 242,886 ",EC-0005," 1,806 ",26.00,100,S00, -   ,Si
Id - 00190,ZWO-518,08/05/2024,12/05/2024,54309474,San Ramón,Oxapampa," 11,956 "," 12,287 "," 15,527 "," 232,905 ",EC-0003," 2,875 ",35.00,103,S00, -   ,Si
Id - 00191,JMJ-676,08/05/2024,11/05/2024,99016333,Vitoc,Oxapampa," 8,766 "," 10,040 "," 9,480 "," 237,000 ",EC-0011," 1,131 ",28.00,40,S00, -   ,Si
Id - 00192,IMB-180,08/05/2024,13/05/2024,67839478,Satipo,Pampa Hermosa," 8,024 "," 9,159 "," 19,929 "," 358,722 ",EC-0009," 2,184 ",23.00,118,S00, -   ,No
Id - 00193,BYT-851,08/05/2024,10/05/2024,96013105,Coviriali,Pangoa," 10,078 "," 11,732 "," 9,969 "," 59,814 ",EC-0013," 4,344 ",31.00,104,S00, -   ,Si
Id - 00194,YSS-710,09/05/2024,12/05/2024,62478524,Llaylla,Perené," 11,957 "," 13,577 "," 11,345 "," 136,140 ",EC-0014," 1,480 ",37.00,73,S00, -   ,Si
Id - 00195,KKZ-858,10/05/2024,13/05/2024,29600236,Mazamari,Pichanaqui," 10,045 "," 10,498 "," 14,302 "," 214,530 ",EC-0006, 924 ,35.00,97,S00, -   ,Si
Id - 00196,QFP-733,11/05/2024,14/05/2024,23847972,Pampa Hermosa,Pucallpa," 6,240 "," 6,764 "," 18,886 "," 358,834 ",EC-0001," 3,450 ",24.00,68,S00, -   ,Si
Id - 00197,FHZ-825,11/05/2024,16/05/2024,72261813,Pangoa,Punchana," 9,722 "," 11,394 "," 14,941 "," 343,643 ",EC-0002," 2,522 ",40.00,102,S00, -   ,No
Id - 00198,FRS-683,12/05/2024,17/05/2024,63835295,Río Negro,Río Negro," 6,059 "," 6,624 "," 17,209 "," 120,463 ",EC-0015," 4,632 ",28.00,139,S00, -   ,Si
Id - 00199,WPP-389,12/05/2024,14/05/2024,30050744,Río Tambo.,Río Tambo.," 6,590 "," 8,247 "," 18,721 "," 524,188 ",EC-0004," 2,806 ",32.00,127,S00, -   ,Si
Id - 00200,MEZ-508,13/05/2024,18/05/2024,60261514,Cacatachi,San Juan Bautista," 10,595 "," 12,455 "," 15,856 "," 317,120 ",EC-0012," 3,059 ",34.00,147,S00, -   ,No
Id - 00201,ZUB-241,14/05/2024,18/05/2024,32930315,Juan Guerra,San Luis de Shuaro," 7,682 "," 9,525 "," 16,074 "," 176,814 ",EC-0010," 3,560 ",29.00,43,S00, -   ,Si
Id - 00202,ODZ-914,15/05/2024,20/05/2024,33496241,Jauja,San Martín," 11,832 "," 13,601 "," 17,598 "," 492,744 ",EC-0007," 2,450 ",27.00,144,S00, -   ,No
Id - 00203,MQG-627,16/05/2024,18/05/2024,80187164,Jaén,San Ramón," 11,100 "," 12,148 "," 19,464 "," 467,136 ",EC-0008," 4,278 ",27.00,146,S00, -   ,Si
Id - 00204,DZE-482,17/05/2024,21/05/2024,51494182,Bagua,Satipo," 11,447 "," 12,298 "," 15,207 "," 243,312 ",EC-0005," 1,869 ",23.00,131,S00, -   ,Si
Id - 00205,MYJ-636,18/05/2024,23/05/2024,68767437,Tingo María,Tambopata," 5,193 "," 5,531 "," 9,958 "," 159,328 ",EC-0003," 1,425 ",31.00,50,S00, -   ,Si
Id - 00206,EYQ-965,18/05/2024,20/05/2024,96083445,Chanchamayo,Tambopata," 11,276 "," 12,992 "," 14,993 "," 329,846 ",EC-0011, 533 ,35.00,101,S00, -   ,No
Id - 00207,YFY-346,19/05/2024,22/05/2024,33061856,Oxapampa,Tingo María," 7,458 "," 8,100 "," 10,629 "," 127,548 ",EC-0009," 1,032 ",40.00,150,S00, -   ,No
Id - 00208,CBH-778,19/05/2024,21/05/2024,88915090,Marcapata,Tingo María," 5,366 "," 6,826 "," 9,399 "," 216,177 ",EC-0013," 2,592 ",29.00,115,S00, -   ,No
Id - 00209,FNX-889,19/05/2024,24/05/2024,87522564,Tambopata,Vitoc," 5,140 "," 6,898 "," 13,698 "," 205,470 ",EC-0014," 1,480 ",29.00,98,S00, -   ,No
Id - 00210,DWO-262,20/05/2024,24/05/2024,16814873,Moyobamba.,Yauyesi," 11,881 "," 13,336 "," 14,547 "," 232,752 ",EC-0006," 1,068 ",36.00,94,S00, -   ,No
Id - 00211,QST-198,22/05/2024,24/05/2024,17698615,Belén,Atalaya," 10,011 "," 10,382 "," 18,255 "," 255,570 ",EC-0001," 2,829 ",27.00,102,S00, -   ,No
Id - 00212,ICB-538,23/05/2024,26/05/2024,59306493,Pucallpa,Bagua," 7,286 "," 7,766 "," 13,756 "," 82,536 ",EC-0002," 2,197 ",24.00,150,S00, -   ,Si
Id - 00213,BXZ-199,24/05/2024,29/05/2024,39103695,Tambopata,Bagua," 11,679 "," 12,924 "," 11,618 "," 58,090 ",EC-0015," 2,688 ",22.00,70,S00, -   ,No
Id - 00214,ZWO-518,24/05/2024,29/05/2024,54309474,San Martín,Belén," 10,682 "," 11,933 "," 11,767 "," 235,340 ",EC-0004," 3,657 ",42.00,120,S00, -   ,Si
Id - 00215,JMJ-676,24/05/2024,29/05/2024,99016333,Chanchamayo,Cacatachi," 5,977 "," 7,673 "," 17,395 "," 86,975 ",EC-0012," 3,013 ",36.00,43,S00, -   ,No
Id - 00216,IMB-180,25/05/2024,29/05/2024,67839478,Oxapampa,Chachapoyas," 8,749 "," 10,686 "," 17,412 "," 313,416 ",EC-0010," 2,320 ",33.00,117,S00, -   ,Si
Id - 00217,BYT-851,26/05/2024,31/05/2024,96013105,Tingo María,Chanchamayo," 8,309 "," 9,657 "," 9,027 "," 243,729 ",EC-0007," 1,008 ",22.00,87,S00, -   ,No
Id - 00218,YSS-710,26/05/2024,28/05/2024,62478524,Punchana,Chanchamayo," 5,251 "," 7,124 "," 18,333 "," 439,992 ",EC-0008," 1,886 ",34.00,130,S00, -   ,Si
Id - 00219,KKZ-858,26/05/2024,29/05/2024,29600236,Jaén,Coviriali," 11,252 "," 12,142 "," 9,018 "," 72,144 ",EC-0005," 2,814 ",29.00,98,S00, -   ,Si
Id - 00220,QFP-733,27/05/2024,29/05/2024,23847972,Marcapata,Iñapari," 9,016 "," 10,015 "," 16,003 "," 288,054 ",EC-0003," 1,125 ",40.00,142,S00, -   ,Si
Id - 00221,FHZ-825,29/05/2024,03/06/2024,72261813,San Juan Bautista,Jaén," 10,828 "," 12,257 "," 12,951 "," 129,510 ",EC-0011," 2,457 ",22.00,95,S00, -   ,Si
Id - 00222,FRS-683,30/05/2024,01/06/2024,63835295,Bagua,Jaén," 10,599 "," 11,182 "," 19,815 "," 515,190 ",EC-0009," 2,244 ",26.00,51,S00, -   ,No
Id - 00223,WPP-389,31/05/2024,04/06/2024,30050744,Chachapoyas,Jauja," 10,865 "," 12,429 "," 17,641 "," 352,820 ",EC-0013," 2,640 ",29.00,79,S00, -   ,No
Id - 00224,MEZ-508,31/05/2024,05/06/2024,60261514,Atalaya,Juan Guerra," 10,635 "," 11,633 "," 15,856 "," 459,824 ",EC-0014, 760 ,37.00,53,S00, -   ,No
Id - 00225,ZUB-241,31/05/2024,05/06/2024,32930315,Iñapari,La Banda de Shilcayo," 9,153 "," 9,673 "," 18,143 "," 453,575 ",EC-0006, 480 ,37.00,59,S00, -   ,Si
Id - 00226,ODZ-914,01/06/2024,06/06/2024,33496241,La Banda de Shilcayo,Llaylla," 9,301 "," 11,255 "," 10,158 "," 132,054 ",EC-0001, 805 ,31.00,87,S00, -   ,Si
Id - 00227,MQG-627,02/06/2024,05/06/2024,80187164,Perené,Marcapata," 6,596 "," 8,527 "," 19,302 "," 443,946 ",EC-0002," 1,287 ",25.00,122,S00, -   ,No
Id - 00228,DZE-482,02/06/2024,05/06/2024,51494182,Yauyesi,Marcapata," 11,412 "," 11,734 "," 12,055 "," 72,330 ",EC-0015," 1,200 ",34.00,45,S00, -   ,No
Id - 00229,MYJ-636,02/06/2024,05/06/2024,68767437,Morales,Mazamari," 11,950 "," 13,057 "," 17,468 "," 209,616 ",EC-0004," 1,863 ",37.00,128,S00, -   ,No
Id - 00230,EYQ-965,03/06/2024,07/06/2024,96083445,Pichanaqui,Morales," 6,861 "," 7,841 "," 18,755 "," 262,570 ",EC-0012," 4,002 ",30.00,51,S00, -   ,Si
Id - 00231,YFY-346,03/06/2024,08/06/2024,33061856,San Luis de Shuaro,Moyobamba.," 6,244 "," 6,839 "," 13,607 "," 190,498 ",EC-0010," 2,620 ",33.00,108,S00, -   ,No
Id - 00232,CBH-778,04/06/2024,09/06/2024,88915090,San Ramón,Oxapampa," 7,642 "," 8,307 "," 11,898 "," 130,878 ",EC-0007," 2,688 ",30.00,108,S00, -   ,Si
Id - 00233,FNX-889,04/06/2024,07/06/2024,87522564,Vitoc,Oxapampa," 10,641 "," 11,564 "," 17,257 "," 414,168 ",EC-0008," 3,749 ",36.00,63,S00, -   ,No
Id - 00234,DWO-262,05/06/2024,08/06/2024,16814873,Satipo,Pampa Hermosa," 8,496 "," 8,921 "," 11,965 "," 143,580 ",EC-0005," 3,780 ",26.00,108,S00, -   ,No
Id - 00235,QST-198,08/06/2024,11/06/2024,17698615,Coviriali,Pangoa," 8,187 "," 9,230 "," 12,533 "," 313,325 ",EC-0003," 1,225 ",34.00,70,S00, -   ,No
Id - 00236,ICB-538,09/06/2024,11/06/2024,59306493,Llaylla,Perené," 10,287 "," 12,218 "," 18,990 "," 170,910 ",EC-0011," 1,430 ",27.00,126,S00, -   ,Si
Id - 00237,BXZ-199,09/06/2024,13/06/2024,39103695,Mazamari,Pichanaqui," 8,110 "," 8,868 "," 9,266 "," 250,182 ",EC-0009, 876 ,26.00,33,S00, -   ,Si
Id - 00238,ZWO-518,09/06/2024,12/06/2024,54309474,Pampa Hermosa,Pucallpa," 8,370 "," 9,136 "," 13,454 "," 94,178 ",EC-0013," 2,520 ",31.00,144,S00, -   ,Si
Id - 00239,JMJ-676,10/06/2024,13/06/2024,99016333,Pangoa,Punchana," 10,498 "," 12,009 "," 16,688 "," 483,952 ",EC-0014," 2,660 ",29.00,89,S00, -   ,Si
Id - 00240,IMB-180,11/06/2024,16/06/2024,67839478,Río Negro,Río Negro," 9,519 "," 10,537 "," 16,466 "," 362,252 ",EC-0006," 2,148 ",26.00,96,S00, -   ,No
Id - 00241,BYT-851,12/06/2024,17/06/2024,96013105,Río Tambo.,Río Tambo.," 10,595 "," 11,664 "," 18,894 "," 264,516 ",EC-0001," 3,841 ",23.00,91,S00, -   ,No
Id - 00242,YSS-710,12/06/2024,16/06/2024,62478524,Cacatachi,San Juan Bautista," 6,857 "," 7,266 "," 13,971 "," 181,623 ",EC-0002," 1,235 ",39.00,126,S00, -   ,Si
Id - 00243,KKZ-858,12/06/2024,17/06/2024,29600236,Juan Guerra,San Luis de Shuaro," 8,262 "," 10,245 "," 9,356 "," 159,052 ",EC-0015," 4,152 ",33.00,122,S00, -   ,Si
Id - 00244,QFP-733,13/06/2024,15/06/2024,23847972,Jauja,San Martín," 5,082 "," 6,189 "," 17,477 "," 419,448 ",EC-0004," 4,577 ",40.00,68,S00, -   ,Si
Id - 00245,FHZ-825,14/06/2024,19/06/2024,72261813,Jaén,San Ramón," 6,679 "," 7,734 "," 16,034 "," 192,408 ",EC-0012," 4,370 ",38.00,45,S00, -   ,No
Id - 00246,FRS-683,14/06/2024,17/06/2024,63835295,Bagua,Satipo," 9,402 "," 11,356 "," 11,746 "," 152,698 ",EC-0010," 3,640 ",40.00,43,S00, -   ,Si
Id - 00247,WPP-389,15/06/2024,18/06/2024,30050744,Tingo María,Tambopata," 9,454 "," 10,838 "," 12,775 "," 191,625 ",EC-0007," 1,890 ",36.00,32,S00, -   ,No
Id - 00248,MEZ-508,16/06/2024,19/06/2024,60261514,Chanchamayo,Tambopata," 5,782 "," 6,998 "," 9,876 "," 246,900 ",EC-0008," 1,817 ",23.00,53,S00, -   ,No
Id - 00249,ZUB-241,16/06/2024,20/06/2024,32930315,Oxapampa,Tingo María," 5,916 "," 6,825 "," 12,459 "," 149,508 ",EC-0005," 4,095 ",29.00,35,S00, -   ,Si
Id - 00250,ODZ-914,18/06/2024,21/06/2024,33496241,Marcapata,Tingo María," 7,419 "," 8,245 "," 13,330 "," 359,910 ",EC-0003," 4,750 ",22.00,123,S00, -   ,No
Id - 00251,MQG-627,19/06/2024,24/06/2024,80187164,Tambopata,Vitoc," 11,734 "," 13,615 "," 18,103 "," 543,090 ",EC-0011, 390 ,27.00,123,S00, -   ,Si
Id - 00252,DZE-482,21/06/2024,25/06/2024,51494182,Moyobamba.,Yauyesi," 8,469 "," 9,305 "," 10,836 "," 108,360 ",EC-0009," 1,056 ",23.00,144,S00, -   ,Si
Id - 00253,MYJ-636,21/06/2024,25/06/2024,68767437,Belén,Atalaya," 10,118 "," 10,578 "," 14,130 "," 381,510 ",EC-0013," 2,928 ",40.00,54,S00, -   ,Si
Id - 00254,EYQ-965,21/06/2024,26/06/2024,96083445,Pucallpa,Bagua," 10,710 "," 12,265 "," 12,440 "," 161,720 ",EC-0014," 1,320 ",37.00,89,S00, -   ,Si
Id - 00255,YFY-346,21/06/2024,25/06/2024,33061856,Tambopata,Bagua," 7,829 "," 9,465 "," 10,941 "," 65,646 ",EC-0006," 2,208 ",32.00,77,S00, -   ,Si
Id - 00256,CBH-778,22/06/2024,25/06/2024,88915090,San Martín,Belén," 10,563 "," 11,903 "," 13,490 "," 323,760 ",EC-0001," 2,852 ",23.00,94,S00, -   ,No
Id - 00257,FNX-889,23/06/2024,25/06/2024,87522564,Chanchamayo,Cacatachi," 8,481 "," 10,144 "," 16,291 "," 472,439 ",EC-0002," 1,911 ",41.00,139,S00, -   ,No
Id - 00258,DWO-262,24/06/2024,26/06/2024,16814873,Oxapampa,Chachapoyas," 10,657 "," 11,433 "," 9,209 "," 46,045 ",EC-0015," 4,416 ",41.00,144,S00, -   ,Si
Id - 00259,QST-198,26/06/2024,28/06/2024,17698615,Tingo María,Chanchamayo," 10,568 "," 11,301 "," 16,600 "," 365,200 ",EC-0004," 2,369 ",27.00,132,S00, -   ,No
Id - 00260,ICB-538,28/06/2024,03/07/2024,59306493,Punchana,Chanchamayo," 9,621 "," 11,251 "," 9,719 "," 242,975 ",EC-0012," 3,312 ",31.00,84,S00, -   ,Si
Id - 00261,BXZ-199,28/06/2024,30/06/2024,39103695,Jaén,Coviriali," 6,671 "," 8,016 "," 19,581 "," 587,430 ",EC-0010," 2,460 ",38.00,127,S00, -   ,Si
Id - 00262,JMJ-676,28/06/2024,01/07/2024,54309474,Marcapata,Iñapari," 7,463 "," 9,433 "," 14,488 "," 173,856 ",EC-0007, 686 ,42.00,129,S00, -   ,No
Id - 00263,IMB-180,29/06/2024,02/07/2024,99016333,San Juan Bautista,Jaén," 10,599 "," 11,316 "," 18,362 "," 459,050 ",EC-0008," 2,622 ",41.00,75,S00, -   ,No
Id - 00264,BYT-851,29/06/2024,04/07/2024,67839478,Bagua,Jaén," 6,092 "," 6,548 "," 16,088 "," 128,704 ",EC-0005," 2,289 ",32.00,122,S00, -   ,No
Id - 00265,YSS-710,29/06/2024,04/07/2024,96013105,Chachapoyas,Jauja," 10,425 "," 11,910 "," 9,312 "," 65,184 ",EC-0003," 3,500 ",41.00,33,S00, -   ,No
Id - 00266,KKZ-858,30/06/2024,05/07/2024,62478524,Atalaya,Juan Guerra," 7,724 "," 9,623 "," 9,186 "," 156,162 ",EC-0011," 2,015 ",34.00,56,S00, -   ,Si
Id - 00267,QFP-733,01/07/2024,05/07/2024,29600236,Iñapari,La Banda de Shilcayo," 5,155 "," 6,639 "," 19,602 "," 176,418 ",EC-0009," 1,632 ",39.00,114,S00, -   ,No
Id - 00268,FHZ-825,02/07/2024,05/07/2024,23847972,La Banda de Shilcayo,Llaylla," 10,707 "," 11,197 "," 16,821 "," 252,315 ",EC-0013," 2,784 ",31.00,69,S00, -   ,Si
Id - 00269,FRS-683,03/07/2024,06/07/2024,72261813,Perené,Marcapata," 9,598 "," 9,898 "," 17,109 "," 376,398 ",EC-0014," 2,900 ",32.00,108,S00, -   ,Si
Id - 00270,WPP-389,03/07/2024,08/07/2024,63835295,Yauyesi,Marcapata," 7,458 "," 8,434 "," 12,151 "," 97,208 ",EC-0006," 2,328 ",39.00,40,S00, -   ,Si
Id - 00271,MEZ-508,03/07/2024,08/07/2024,30050744,Morales,Mazamari," 11,208 "," 11,578 "," 16,112 "," 290,016 ",EC-0001," 2,737 ",42.00,136,S00, -   ,Si
Id - 00272,ZUB-241,04/07/2024,08/07/2024,60261514,Pichanaqui,Morales," 6,116 "," 6,985 "," 17,827 "," 320,886 ",EC-0002," 2,028 ",24.00,105,S00, -   ,No
Id - 00273,ODZ-914,05/07/2024,10/07/2024,32930315,San Luis de Shuaro,Moyobamba.," 6,618 "," 8,185 "," 9,216 "," 211,968 ",EC-0015," 2,040 ",33.00,85,S00, -   ,No
Id - 00274,MQG-627,06/07/2024,09/07/2024,33496241,San Ramón,Oxapampa," 5,613 "," 6,454 "," 14,968 "," 404,136 ",EC-0004," 3,473 ",34.00,51,S00, -   ,Si
Id - 00275,DZE-482,06/07/2024,09/07/2024,80187164,Vitoc,Oxapampa," 11,553 "," 12,778 "," 14,957 "," 269,226 ",EC-0012," 3,496 ",26.00,146,S00, -   ,No
Id - 00276,MYJ-636,07/07/2024,10/07/2024,51494182,Satipo,Pampa Hermosa," 11,196 "," 11,544 "," 15,267 "," 229,005 ",EC-0010," 2,340 ",30.00,140,S00, -   ,No
Id - 00277,EYQ-965,07/07/2024,10/07/2024,68767437,Coviriali,Pangoa," 7,826 "," 9,683 "," 9,478 "," 208,516 ",EC-0007," 2,254 ",25.00,71,S00, -   ,No
Id - 00278,YFY-346,08/07/2024,13/07/2024,96083445,Llaylla,Perené," 7,759 "," 8,563 "," 17,270 "," 449,020 ",EC-0008," 1,679 ",36.00,54,S00, -   ,Si
Id - 00279,CBH-778,08/07/2024,11/07/2024,33061856,Mazamari,Pichanaqui," 5,477 "," 6,719 "," 17,329 "," 86,645 ",EC-0005," 1,701 ",40.00,104,S00, -   ,Si
Id - 00280,FNX-889,08/07/2024,11/07/2024,88915090,Pampa Hermosa,Pucallpa," 10,559 "," 12,159 "," 9,830 "," 275,240 ",EC-0003," 3,800 ",40.00,43,S00, -   ,Si
Id - 00281,DWO-262,08/07/2024,10/07/2024,87522564,Pangoa,Punchana," 9,188 "," 9,697 "," 18,300 "," 164,700 ",EC-0011, 923 ,38.00,100,S00, -   ,Si
Id - 00282,QST-198,09/07/2024,13/07/2024,16814873,Río Negro,Río Negro," 9,180 "," 9,531 "," 11,005 "," 88,040 ",EC-0009," 1,812 ",35.00,147,S00, -   ,No
Id - 00283,ICB-538,09/07/2024,14/07/2024,17698615,Río Tambo.,Río Tambo.," 10,205 "," 11,476 "," 13,266 "," 278,586 ",EC-0013," 2,568 ",37.00,141,S00, -   ,Si
Id - 00284,BXZ-199,10/07/2024,14/07/2024,59306493,Cacatachi,San Juan Bautista," 7,690 "," 8,901 "," 19,314 "," 405,594 ",EC-0014," 2,980 ",25.00,129,S00, -   ,Si
Id - 00285,ZWO-518,10/07/2024,12/07/2024,39103695,Juan Guerra,San Luis de Shuaro," 8,941 "," 10,701 "," 18,935 "," 321,895 ",EC-0006," 1,752 ",35.00,46,S00, -   ,Si
Id - 00286,JMJ-676,10/07/2024,15/07/2024,54309474,Jauja,San Martín," 11,152 "," 12,239 "," 9,194 "," 165,492 ",EC-0001," 3,220 ",30.00,139,S00, -   ,No
Id - 00287,IMB-180,10/07/2024,13/07/2024,99016333,Jaén,San Ramón," 7,112 "," 8,416 "," 19,544 "," 156,352 ",EC-0002, 728 ,34.00,33,S00, -   ,Si
Id - 00288,BYT-851,11/07/2024,16/07/2024,67839478,Bagua,Satipo," 6,432 "," 6,738 "," 15,101 "," 135,909 ",EC-0015," 2,136 ",40.00,91,S00, -   ,No
Id - 00289,YSS-710,12/07/2024,17/07/2024,96013105,Tingo María,Tambopata," 9,464 "," 11,283 "," 16,409 "," 262,544 ",EC-0004, 966 ,32.00,140,S00, -   ,Si
Id - 00290,KKZ-858,12/07/2024,14/07/2024,62478524,Chanchamayo,Tambopata," 6,457 "," 7,207 "," 17,279 "," 259,185 ",EC-0012," 3,473 ",27.00,66,S00, -   ,Si
Id - 00291,QFP-733,12/07/2024,16/07/2024,29600236,Oxapampa,Tingo María," 9,361 "," 10,977 "," 9,962 "," 109,582 ",EC-0010, 720 ,42.00,86,S00, -   ,Si
Id - 00292,FHZ-825,13/07/2024,15/07/2024,23847972,Marcapata,Tingo María," 7,760 "," 9,710 "," 16,847 "," 454,869 ",EC-0007," 2,058 ",24.00,34,S00, -   ,No
Id - 00293,FRS-683,14/07/2024,18/07/2024,72261813,Tambopata,Vitoc," 9,098 "," 10,956 "," 9,126 "," 136,890 ",EC-0008," 1,633 ",23.00,35,S00, -   ,Si
Id - 00294,WPP-389,15/07/2024,17/07/2024,63835295,Moyobamba.,Yauyesi," 5,235 "," 5,875 "," 13,311 "," 346,086 ",EC-0005," 3,654 ",24.00,103,S00, -   ,No
Id - 00295,MEZ-508,15/07/2024,20/07/2024,30050744,Belén,Atalaya," 9,452 "," 9,910 "," 18,476 "," 258,664 ",EC-0003," 3,675 ",36.00,68,S00, -   ,No
Id - 00296,ZUB-241,15/07/2024,18/07/2024,60261514,Pucallpa,Bagua," 9,335 "," 9,773 "," 9,050 "," 162,900 ",EC-0011, 507 ,39.00,129,S00, -   ,Si
Id - 00297,ODZ-914,15/07/2024,17/07/2024,32930315,Tambopata,Bagua," 7,637 "," 9,387 "," 18,900 "," 567,000 ",EC-0009," 1,632 ",22.00,58,S00, -   ,No
Id - 00298,MQG-627,16/07/2024,21/07/2024,33496241,San Martín,Belén," 7,190 "," 8,274 "," 19,397 "," 465,528 ",EC-0013," 3,480 ",41.00,55,S00, -   ,Si
Id - 00299,DZE-482,16/07/2024,18/07/2024,80187164,Chanchamayo,Cacatachi," 5,599 "," 7,064 "," 18,238 "," 182,380 ",EC-0014," 3,980 ",34.00,143,S00, -   ,Si
Id - 00300,MYJ-636,16/07/2024,21/07/2024,51494182,Oxapampa,Chachapoyas," 7,901 "," 8,364 "," 19,613 "," 176,517 ",EC-0006, 972 ,40.00,134,S00, -   ,No
Id - 00301,EYQ-965,17/07/2024,20/07/2024,68767437,Tingo María,Chanchamayo," 7,095 "," 8,286 "," 15,434 "," 432,152 ",EC-0001," 3,726 ",32.00,35,S00, -   ,Si
Id - 00302,YFY-346,17/07/2024,22/07/2024,96083445,Punchana,Chanchamayo," 6,347 "," 6,718 "," 12,613 "," 378,390 ",EC-0002, 936 ,35.00,126,S00, -   ,No
Id - 00303,CBH-778,18/07/2024,20/07/2024,33061856,Jaén,Coviriali," 5,285 "," 6,919 "," 15,742 "," 409,292 ",EC-0015, 912 ,40.00,37,S00, -   ,No
Id - 00304,FNX-889,18/07/2024,20/07/2024,88915090,Marcapata,Iñapari," 11,734 "," 13,391 "," 13,885 "," 69,425 ",EC-0004," 3,795 ",36.00,68,S00, -   ,Si
Id - 00305,DWO-262,19/07/2024,22/07/2024,87522564,San Juan Bautista,Jaén," 7,023 "," 8,489 "," 13,467 "," 134,670 ",EC-0012," 1,104 ",22.00,83,S00, -   ,Si
Id - 00306,QST-198,21/07/2024,23/07/2024,16814873,Bagua,Jaén," 9,154 "," 9,897 "," 10,061 "," 251,525 ",EC-0010," 3,860 ",29.00,119,S00, -   ,Si
Id - 00307,ICB-538,21/07/2024,26/07/2024,17698615,Chachapoyas,Jauja," 10,438 "," 11,650 "," 11,938 "," 95,504 ",EC-0007," 1,876 ",32.00,135,S00, -   ,No
Id - 00308,BXZ-199,24/07/2024,29/07/2024,59306493,Atalaya,Juan Guerra," 11,954 "," 12,885 "," 13,487 "," 188,818 ",EC-0008," 2,530 ",41.00,149,S00, -   ,No
Id - 00309,ZWO-518,25/07/2024,27/07/2024,39103695,Iñapari,La Banda de Shilcayo," 6,135 "," 6,776 "," 12,520 "," 287,960 ",EC-0005," 2,457 ",24.00,131,S00, -   ,Si
Id - 00310,JMJ-676,25/07/2024,27/07/2024,54309474,La Banda de Shilcayo,Llaylla," 9,611 "," 10,594 "," 17,987 "," 251,818 ",EC-0003," 3,100 ",32.00,45,S00, -   ,Si
Id - 00311,IMB-180,25/07/2024,27/07/2024,99016333,Perené,Marcapata," 10,057 "," 10,748 "," 17,110 "," 273,760 ",EC-0011," 1,118 ",40.00,53,S00, -   ,Si
Id - 00312,BYT-851,25/07/2024,30/07/2024,67839478,Yauyesi,Marcapata," 8,695 "," 10,280 "," 12,099 "," 362,970 ",EC-0009, 660 ,29.00,117,S00, -   ,No
Id - 00313,YSS-710,25/07/2024,28/07/2024,96013105,Morales,Mazamari," 11,373 "," 12,173 "," 14,256 "," 427,680 ",EC-0013," 4,608 ",42.00,86,S00, -   ,Si
Id - 00314,KKZ-858,27/07/2024,01/08/2024,62478524,Pichanaqui,Morales," 10,961 "," 12,440 "," 11,974 "," 131,714 ",EC-0014," 3,960 ",30.00,31,S00, -   ,Si
Id - 00315,QFP-733,28/07/2024,01/08/2024,29600236,San Luis de Shuaro,Moyobamba.," 6,636 "," 7,340 "," 15,971 "," 143,739 ",EC-0006, 852 ,25.00,115,S00, -   ,No
Id - 00316,FHZ-825,29/07/2024,01/08/2024,23847972,San Ramón,Oxapampa," 6,239 "," 7,764 "," 16,906 "," 253,590 ",EC-0001," 2,875 ",36.00,150,S00, -   ,Si
Id - 00317,FRS-683,29/07/2024,03/08/2024,72261813,Vitoc,Oxapampa," 6,344 "," 7,431 "," 9,626 "," 173,268 ",EC-0002," 1,456 ",29.00,58,S00, -   ,No
Id - 00318,WPP-389,30/07/2024,03/08/2024,63835295,Satipo,Pampa Hermosa," 6,827 "," 7,191 "," 10,242 "," 256,050 ",EC-0015," 1,704 ",23.00,33,M86," 1,284 ",Si
Id - 00319,MEZ-508,01/08/2024,03/08/2024,30050744,Coviriali,Pangoa," 9,328 "," 10,577 "," 10,863 "," 195,534 ",EC-0004," 3,749 ",42.00,87,M39, 963 ,No
Id - 00320,ZUB-241,02/08/2024,06/08/2024,60261514,Llaylla,Perené," 11,468 "," 12,503 "," 10,810 "," 118,910 ",EC-0012," 2,898 ",24.00,70,S00, -   ,No
Id - 00321,ODZ-914,02/08/2024,04/08/2024,32930315,Mazamari,Pichanaqui," 10,329 "," 10,810 "," 18,846 "," 433,458 ",EC-0010," 2,340 ",27.00,148,M89," 3,210 ",Si
Id - 00322,MQG-627,04/08/2024,08/08/2024,33496241,Pampa Hermosa,Pucallpa," 6,451 "," 7,259 "," 13,168 "," 144,848 ",EC-0007," 2,338 ",22.00,117,M35," 2,943 ",Si
Id - 00323,DZE-482,05/08/2024,08/08/2024,80187164,Pangoa,Punchana," 9,335 "," 10,746 "," 16,489 "," 362,758 ",EC-0008," 2,277 ",37.00,109,S00, -   ,Si
Id - 00324,MYJ-636,05/08/2024,07/08/2024,51494182,Río Negro,Río Negro," 5,099 "," 5,514 "," 18,224 "," 109,344 ",EC-0005," 3,612 ",42.00,123,G14, 375 ,Si
Id - 00325,EYQ-965,06/08/2024,11/08/2024,68767437,Río Tambo.,Río Tambo.," 9,014 "," 9,791 "," 13,370 "," 374,360 ",EC-0003," 1,775 ",42.00,126,S00, -   ,Si
Id - 00326,YFY-346,06/08/2024,09/08/2024,96083445,Cacatachi,San Juan Bautista," 11,537 "," 12,153 "," 11,556 "," 265,788 ",EC-0011," 2,574 ",38.00,44,L80," 1,605 ",No
Id - 00327,CBH-778,06/08/2024,09/08/2024,33061856,Juan Guerra,San Luis de Shuaro," 11,984 "," 13,578 "," 17,305 "," 363,405 ",EC-0009," 1,992 ",36.00,137,L85," 2,140 ",No
Id - 00328,FNX-889,06/08/2024,08/08/2024,88915090,Jauja,San Martín," 5,433 "," 6,381 "," 17,013 "," 476,364 ",EC-0013," 4,056 ",32.00,128,L87," 1,070 ",Si
Id - 00329,DWO-262,07/08/2024,12/08/2024,87522564,Jaén,San Ramón," 6,495 "," 8,439 "," 13,425 "," 375,900 ",EC-0014," 3,000 ",34.00,41,L69, 535 ,No
Id - 00330,QST-198,08/08/2024,12/08/2024,16814873,Bagua,Satipo," 6,574 "," 7,079 "," 10,441 "," 73,087 ",EC-0006, 636 ,33.00,82,S00, -   ,No
Id - 00331,ICB-538,08/08/2024,13/08/2024,17698615,Tingo María,Tambopata," 9,049 "," 10,737 "," 14,592 "," 160,512 ",EC-0001," 2,438 ",30.00,46,S00, -   ,No
Id - 00332,BXZ-199,09/08/2024,14/08/2024,59306493,Chanchamayo,Tambopata," 10,130 "," 11,435 "," 14,836 "," 415,408 ",EC-0002," 1,768 ",41.00,112,M69," 2,675 ",Si
Id - 00333,ZWO-518,09/08/2024,14/08/2024,39103695,Oxapampa,Tingo María," 10,128 "," 10,552 "," 10,185 "," 264,810 ",EC-0015," 2,832 ",41.00,134,M86," 1,284 ",No
Id - 00334,JMJ-676,11/08/2024,14/08/2024,54309474,Marcapata,Tingo María," 6,617 "," 7,977 "," 13,118 "," 301,714 ",EC-0004," 3,151 ",35.00,77,M39, 963 ,No
Id - 00335,IMB-180,11/08/2024,15/08/2024,99016333,Tambopata,Vitoc," 10,213 "," 10,530 "," 12,392 "," 235,448 ",EC-0012," 3,289 ",24.00,82,S00, -   ,Si
Id - 00336,BYT-851,11/08/2024,15/08/2024,67839478,Moyobamba.,Yauyesi," 6,445 "," 7,065 "," 16,075 "," 257,200 ",EC-0010, 820 ,41.00,47,M89," 3,210 ",Si
Id - 00337,YSS-710,12/08/2024,16/08/2024,96013105,Belén,Atalaya," 6,577 "," 8,350 "," 9,751 "," 282,779 ",EC-0007, 462 ,27.00,63,M35," 2,943 ",No
Id - 00338,KKZ-858,12/08/2024,16/08/2024,62478524,Pucallpa,Bagua," 9,437 "," 10,563 "," 15,722 "," 141,498 ",EC-0008," 3,174 ",33.00,70,G69, 428 ,No
Id - 00339,QFP-733,12/08/2024,16/08/2024,29600236,Tambopata,Bagua," 10,459 "," 12,230 "," 14,596 "," 423,284 ",EC-0005," 3,864 ",33.00,146,S00, -   ,No
Id - 00340,FHZ-825,13/08/2024,18/08/2024,23847972,San Martín,Belén," 5,413 "," 6,811 "," 10,218 "," 143,052 ",EC-0003," 3,275 ",29.00,128,S00, -   ,Si
Id - 00341,FRS-683,14/08/2024,18/08/2024,72261813,Chanchamayo,Cacatachi," 8,867 "," 10,453 "," 13,544 "," 392,776 ",EC-0011," 2,574 ",29.00,33,S00, -   ,No
Id - 00342,WPP-389,15/08/2024,19/08/2024,63835295,Oxapampa,Chachapoyas," 8,996 "," 9,418 "," 17,767 "," 266,505 ",EC-0009," 1,140 ",32.00,60,L85," 2,140 ",No
Id - 00343,MEZ-508,15/08/2024,19/08/2024,30050744,Tingo María,Chanchamayo," 6,696 "," 8,206 "," 9,705 "," 213,510 ",EC-0013," 2,856 ",37.00,125,S00, -   ,Si
Id - 00344,ZUB-241,15/08/2024,19/08/2024,60261514,Punchana,Chanchamayo," 11,899 "," 12,639 "," 15,359 "," 322,539 ",EC-0014," 2,940 ",33.00,32,L69, 535 ,Si
Id - 00345,ODZ-914,16/08/2024,21/08/2024,32930315,Jaén,Coviriali," 11,538 "," 12,358 "," 9,189 "," 147,024 ",EC-0006," 1,896 ",22.00,34,S00, -   ,No
Id - 00346,MQG-627,16/08/2024,18/08/2024,33496241,Marcapata,Iñapari," 8,107 "," 8,763 "," 15,089 "," 316,869 ",EC-0001," 3,634 ",34.00,82,M66," 5,350 ",Si
Id - 00347,DZE-482,17/08/2024,20/08/2024,80187164,San Juan Bautista,Jaén," 6,265 "," 8,193 "," 12,559 "," 138,149 ",EC-0002," 2,145 ",26.00,76,S00, -   ,No
Id - 00348,MYJ-636,17/08/2024,20/08/2024,51494182,Bagua,Jaén," 9,748 "," 11,037 "," 15,047 "," 135,423 ",EC-0015," 3,672 ",24.00,67,M86," 1,284 ",No
Id - 00349,EYQ-965,18/08/2024,20/08/2024,68767437,Chachapoyas,Jauja," 9,219 "," 9,875 "," 17,465 "," 384,230 ",EC-0004," 2,967 ",42.00,34,S00, -   ,Si
Id - 00350,YFY-346,19/08/2024,21/08/2024,96083445,Atalaya,Juan Guerra," 9,417 "," 10,180 "," 15,393 "," 354,039 ",EC-0012," 3,680 ",26.00,69,S00, -   ,Si
Id - 00351,CBH-778,19/08/2024,21/08/2024,33061856,Iñapari,La Banda de Shilcayo," 7,572 "," 7,921 "," 19,607 "," 235,284 ",EC-0010," 3,280 ",40.00,76,S00, -   ,No
Id - 00352,FNX-889,20/08/2024,24/08/2024,88915090,La Banda de Shilcayo,Llaylla," 9,865 "," 10,663 "," 17,339 "," 104,034 ",EC-0007, 490 ,24.00,121,S00, -   ,No
Id - 00353,DWO-262,21/08/2024,23/08/2024,87522564,Perené,Marcapata," 5,463 "," 6,449 "," 9,035 "," 216,840 ",EC-0008," 4,209 ",29.00,42,G69, 428 ,No
Id - 00354,QST-198,22/08/2024,26/08/2024,16814873,Yauyesi,Marcapata," 11,056 "," 12,504 "," 19,868 "," 198,680 ",EC-0005," 1,029 ",39.00,125,S00, -   ,No
Id - 00355,ICB-538,23/08/2024,25/08/2024,17698615,Morales,Mazamari," 7,518 "," 8,554 "," 17,574 "," 263,610 ",EC-0003," 3,875 ",29.00,100,G81," 2,675 ",Si
Id - 00356,BXZ-199,24/08/2024,27/08/2024,59306493,Pichanaqui,Morales," 8,165 "," 8,815 "," 13,323 "," 386,367 ",EC-0011, 715 ,25.00,67,S00, -   ,Si
Id - 00357,JMJ-676,26/08/2024,31/08/2024,39103695,San Luis de Shuaro,Moyobamba.," 10,594 "," 12,446 "," 19,364 "," 213,004 ",EC-0009," 2,004 ",39.00,68,L85," 2,140 ",Si
Id - 00358,IMB-180,28/08/2024,02/09/2024,54309474,San Ramón,Oxapampa," 10,243 "," 11,078 "," 13,556 "," 257,564 ",EC-0013," 2,448 ",28.00,88,S00, -   ,Si
Id - 00359,BYT-851,29/08/2024,03/09/2024,99016333,Vitoc,Oxapampa," 6,344 "," 6,965 "," 16,577 "," 348,117 ",EC-0014," 2,920 ",36.00,48,L69, 535 ,Si
Id - 00360,YSS-710,29/08/2024,02/09/2024,67839478,Satipo,Pampa Hermosa," 6,177 "," 7,081 "," 16,429 "," 213,577 ",EC-0006," 2,388 ",29.00,122,S00, -   ,No
Id - 00361,KKZ-858,29/08/2024,01/09/2024,96013105,Coviriali,Pangoa," 5,916 "," 7,700 "," 17,655 "," 211,860 ",EC-0001," 3,611 ",34.00,103,M66," 5,350 ",Si
Id - 00362,QFP-733,29/08/2024,02/09/2024,62478524,Llaylla,Perené," 10,675 "," 11,103 "," 14,842 "," 222,630 ",EC-0002," 2,171 ",41.00,92,M69," 2,675 ",No
Id - 00363,FHZ-825,30/08/2024,01/09/2024,29600236,Mazamari,Pichanaqui," 7,663 "," 9,633 "," 17,918 "," 197,098 ",EC-0015," 3,816 ",24.00,48,M86," 1,284 ",Si
Id - 00364,FRS-683,30/08/2024,02/09/2024,23847972,Pampa Hermosa,Pucallpa," 10,667 "," 12,116 "," 15,684 "," 235,260 ",EC-0004," 3,082 ",37.00,45,M39, 963 ,No
Id - 00365,WPP-389,31/08/2024,04/09/2024,72261813,Pangoa,Punchana," 8,843 "," 9,255 "," 12,518 "," 225,324 ",EC-0012," 2,461 ",31.00,62,S00, -   ,Si
Id - 00366,MEZ-508,02/09/2024,07/09/2024,63835295,Río Negro,Río Negro," 7,627 "," 9,533 "," 17,948 "," 376,908 ",EC-0010," 1,020 ",36.00,121,M89," 3,210 ",No
Id - 00367,ZUB-241,02/09/2024,04/09/2024,30050744,Río Tambo.,Río Tambo.," 8,461 "," 9,115 "," 15,007 "," 225,105 ",EC-0007," 2,450 ",26.00,33,M35," 2,943 ",No
Id - 00368,ODZ-914,05/09/2024,10/09/2024,60261514,Cacatachi,San Juan Bautista," 10,164 "," 10,574 "," 13,772 "," 302,984 ",EC-0008," 1,541 ",34.00,51,S00, -   ,No
Id - 00369,MQG-627,05/09/2024,08/09/2024,32930315,Juan Guerra,San Luis de Shuaro," 11,087 "," 11,585 "," 19,508 "," 429,176 ",EC-0005," 3,570 ",36.00,101,G14, 375 ,Si
Id - 00370,DZE-482,06/09/2024,10/09/2024,33496241,Jauja,San Martín," 9,767 "," 10,678 "," 16,227 "," 210,951 ",EC-0003," 3,800 ",36.00,94,S00, -   ,No
Id - 00371,MYJ-636,07/09/2024,12/09/2024,80187164,Jaén,San Ramón," 8,928 "," 10,232 "," 9,964 "," 219,208 ",EC-0011," 1,547 ",30.00,81,L80," 1,605 ",Si
Id - 00372,EYQ-965,08/09/2024,11/09/2024,51494182,Bagua,Satipo," 10,149 "," 10,488 "," 16,342 "," 310,498 ",EC-0009," 2,292 ",26.00,64,L85," 2,140 ",No
Id - 00373,YFY-346,09/09/2024,12/09/2024,68767437,Tingo María,Tambopata," 9,929 "," 11,593 "," 9,160 "," 155,720 ",EC-0013," 1,032 ",30.00,36,L87," 1,070 ",No
Id - 00374,CBH-778,09/09/2024,14/09/2024,96083445,Chanchamayo,Tambopata," 9,677 "," 10,894 "," 13,478 "," 336,950 ",EC-0014, 940 ,26.00,30,L69, 535 ,No
Id - 00375,FNX-889,09/09/2024,13/09/2024,33061856,Oxapampa,Tingo María," 6,697 "," 7,972 "," 10,180 "," 50,900 ",EC-0006," 2,064 ",35.00,115,S00, -   ,Si
Id - 00376,DWO-262,10/09/2024,13/09/2024,88915090,Marcapata,Tingo María," 7,820 "," 9,610 "," 12,585 "," 213,945 ",EC-0001," 2,093 ",35.00,131,S00, -   ,Si
Id - 00377,QST-198,11/09/2024,15/09/2024,87522564,Tambopata,Vitoc," 7,404 "," 8,187 "," 15,872 "," 412,672 ",EC-0002," 1,885 ",37.00,92,M69," 2,675 ",No
Id - 00378,ICB-538,11/09/2024,15/09/2024,16814873,Moyobamba.,Yauyesi," 8,628 "," 9,955 "," 15,590 "," 93,540 ",EC-0015," 2,712 ",29.00,142,M86," 1,284 ",Si
Id - 00379,BXZ-199,12/09/2024,15/09/2024,17698615,Belén,Atalaya," 9,572 "," 9,919 "," 11,029 "," 121,319 ",EC-0004," 2,415 ",35.00,145,M39, 963 ,No
Id - 00380,ZWO-518,12/09/2024,17/09/2024,59306493,Pucallpa,Bagua," 7,587 "," 9,339 "," 10,969 "," 153,566 ",EC-0012," 1,472 ",22.00,146,S00, -   ,No
Id - 00381,JMJ-676,13/09/2024,18/09/2024,39103695,Tambopata,Bagua," 7,389 "," 9,352 "," 11,532 "," 126,852 ",EC-0010," 3,680 ",38.00,79,M89," 3,210 ",No
Id - 00382,IMB-180,13/09/2024,18/09/2024,54309474,San Martín,Belén," 9,311 "," 10,219 "," 17,383 "," 225,979 ",EC-0007," 2,142 ",33.00,140,M35," 2,943 ",Si
Id - 00383,BYT-851,13/09/2024,15/09/2024,99016333,Chanchamayo,Cacatachi," 9,224 "," 10,383 "," 17,746 "," 212,952 ",EC-0008," 3,611 ",26.00,96,G69, 428 ,No
Id - 00384,YSS-710,14/09/2024,17/09/2024,67839478,Oxapampa,Chachapoyas," 5,218 "," 6,772 "," 12,794 "," 383,820 ",EC-0005," 2,793 ",32.00,137,S00, -   ,Si
Id - 00385,KKZ-858,16/09/2024,18/09/2024,96013105,Tingo María,Chanchamayo," 8,176 "," 8,688 "," 16,325 "," 146,925 ",EC-0003, 900 ,28.00,38,S00, -   ,No
Id - 00386,QFP-733,16/09/2024,19/09/2024,62478524,Punchana,Chanchamayo," 10,749 "," 11,804 "," 9,182 "," 101,002 ",EC-0011, 728 ,36.00,63,S00, -   ,No
Id - 00387,FHZ-825,16/09/2024,21/09/2024,29600236,Jaén,Coviriali," 9,708 "," 10,929 "," 9,002 "," 225,050 ",EC-0009," 1,404 ",40.00,42,L85," 2,140 ",No
Id - 00388,FRS-683,17/09/2024,21/09/2024,23847972,Marcapata,Iñapari," 9,238 "," 10,887 "," 11,871 "," 237,420 ",EC-0013," 1,704 ",42.00,112,S00, -   ,No
Id - 00389,WPP-389,18/09/2024,22/09/2024,72261813,San Juan Bautista,Jaén," 5,837 "," 6,420 "," 9,742 "," 263,034 ",EC-0014, 900 ,35.00,80,L69, 535 ,Si
Id - 00390,MEZ-508,18/09/2024,22/09/2024,63835295,Bagua,Jaén," 8,987 "," 10,065 "," 18,057 "," 361,140 ",EC-0006," 1,548 ",25.00,109,S00, -   ,No
Id - 00391,ZUB-241,19/09/2024,22/09/2024,30050744,Chachapoyas,Jauja," 9,714 "," 11,167 "," 13,651 "," 341,275 ",EC-0001," 4,186 ",29.00,105,M66," 5,350 ",No
Id - 00392,ODZ-914,19/09/2024,23/09/2024,60261514,Atalaya,Juan Guerra," 11,425 "," 13,208 "," 13,410 "," 348,660 ",EC-0002," 2,145 ",41.00,132,S00, -   ,No
Id - 00393,MQG-627,20/09/2024,23/09/2024,32930315,Iñapari,La Banda de Shilcayo," 7,860 "," 9,830 "," 13,683 "," 314,709 ",EC-0015," 1,392 ",27.00,119,M86," 1,284 ",Si
Id - 00394,DZE-482,20/09/2024,22/09/2024,33496241,La Banda de Shilcayo,Llaylla," 8,464 "," 8,828 "," 10,600 "," 318,000 ",EC-0004," 1,863 ",27.00,122,S00, -   ,Si
Id - 00395,MYJ-636,22/09/2024,24/09/2024,80187164,Perené,Marcapata," 5,035 "," 6,783 "," 13,142 "," 328,550 ",EC-0012," 1,219 ",31.00,141,S00, -   ,No
Id - 00396,EYQ-965,23/09/2024,26/09/2024,51494182,Yauyesi,Marcapata," 11,459 "," 13,441 "," 19,409 "," 446,407 ",EC-0010," 3,600 ",35.00,113,S00, -   ,No
Id - 00397,YFY-346,23/09/2024,28/09/2024,68767437,Morales,Mazamari," 6,696 "," 8,557 "," 13,903 "," 222,448 ",EC-0007, 630 ,29.00,64,S00, -   ,Si
Id - 00398,CBH-778,25/09/2024,28/09/2024,96083445,Pichanaqui,Morales," 8,506 "," 9,258 "," 19,825 "," 475,800 ",EC-0008," 4,324 ",22.00,56,G69, 428 ,No
Id - 00399,FNX-889,28/09/2024,30/09/2024,33061856,San Luis de Shuaro,Moyobamba.," 7,504 "," 8,588 "," 9,121 "," 255,388 ",EC-0005," 1,764 ",41.00,135,S00, -   ,No
Id - 00400,DWO-262,28/09/2024,01/10/2024,88915090,San Ramón,Oxapampa," 7,654 "," 8,766 "," 11,367 "," 215,973 ",EC-0003," 1,375 ",25.00,39,G81," 2,675 ",Si
Id - 00401,QST-198,29/09/2024,04/10/2024,87522564,Vitoc,Oxapampa," 11,349 "," 12,843 "," 16,651 "," 249,765 ",EC-0011," 1,183 ",37.00,128,S00, -   ,Si
Id - 00402,ICB-538,29/09/2024,01/10/2024,16814873,Satipo,Pampa Hermosa," 6,596 "," 7,296 "," 11,914 "," 107,226 ",EC-0009, 624 ,42.00,124,L85," 2,140 ",Si
Id - 00403,BXZ-199,01/10/2024,03/10/2024,17698615,Coviriali,Pangoa," 7,479 "," 8,683 "," 13,693 "," 205,395 ",EC-0013," 2,208 ",30.00,40,S00, -   ,No
Id - 00404,ZWO-518,02/10/2024,04/10/2024,59306493,Llaylla,Perené," 7,275 "," 8,061 "," 17,206 "," 395,738 ",EC-0014," 1,820 ",30.00,146,L69, 535 ,No
Id - 00405,JMJ-676,02/10/2024,04/10/2024,39103695,Mazamari,Pichanaqui," 7,627 "," 8,641 "," 11,101 "," 122,111 ",EC-0006," 1,644 ",25.00,107,S00, -   ,Si
Id - 00406,IMB-180,02/10/2024,07/10/2024,54309474,Pampa Hermosa,Pucallpa," 11,972 "," 12,440 "," 14,591 "," 364,775 ",EC-0001," 2,760 ",26.00,35,M66," 5,350 ",No
Id - 00407,BYT-851,03/10/2024,06/10/2024,99016333,Pangoa,Punchana," 9,280 "," 9,941 "," 10,659 "," 245,157 ",EC-0002," 1,456 ",22.00,87,M69," 2,675 ",Si
Id - 00408,YSS-710,04/10/2024,08/10/2024,67839478,Río Negro,Río Negro," 10,374 "," 11,798 "," 9,348 "," 168,264 ",EC-0015," 2,856 ",35.00,50,M86," 1,284 ",Si
Id - 00409,KKZ-858,04/10/2024,08/10/2024,96013105,Río Tambo.,Río Tambo.," 11,866 "," 13,642 "," 18,159 "," 453,975 ",EC-0004," 1,656 ",31.00,87,M39, 963 ,Si
Id - 00410,QFP-733,04/10/2024,07/10/2024,62478524,Cacatachi,San Juan Bautista," 8,757 "," 10,584 "," 10,442 "," 62,652 ",EC-0012," 4,508 ",41.00,75,S00, -   ,No
Id - 00411,FHZ-825,05/10/2024,10/10/2024,29600236,Juan Guerra,San Luis de Shuaro," 8,673 "," 8,994 "," 16,421 "," 410,525 ",EC-0010," 2,360 ",23.00,58,M89," 3,210 ",Si
Id - 00412,FRS-683,05/10/2024,10/10/2024,23847972,Jauja,San Martín," 7,616 "," 9,192 "," 14,167 "," 184,171 ",EC-0007," 1,330 ",40.00,31,M35," 2,943 ",No
Id - 00413,WPP-389,07/10/2024,12/10/2024,72261813,Jaén,San Ramón," 6,181 "," 7,515 "," 15,267 "," 122,136 ",EC-0008," 3,864 ",35.00,58,S00, -   ,Si
Id - 00414,MEZ-508,08/10/2024,12/10/2024,63835295,Bagua,Satipo," 11,328 "," 11,746 "," 14,275 "," 228,400 ",EC-0005," 1,596 ",42.00,51,G14, 375 ,No
Id - 00415,ZUB-241,08/10/2024,11/10/2024,30050744,Tingo María,Tambopata," 6,496 "," 8,040 "," 9,277 "," 213,371 ",EC-0003," 1,625 ",42.00,94,S00, -   ,Si
Id - 00416,ODZ-914,08/10/2024,11/10/2024,60261514,Chanchamayo,Tambopata," 10,347 "," 11,780 "," 15,637 "," 234,555 ",EC-0011," 1,378 ",38.00,101,L80," 1,605 ",No
Id - 00417,MQG-627,09/10/2024,14/10/2024,32930315,Oxapampa,Tingo María," 6,214 "," 7,418 "," 10,416 "," 270,816 ",EC-0009," 1,632 ",25.00,69,L85," 2,140 ",Si
Id - 00418,DZE-482,12/10/2024,17/10/2024,33496241,Marcapata,Tingo María," 7,877 "," 9,465 "," 19,679 "," 196,790 ",EC-0013," 2,544 ",38.00,63,L87," 1,070 ",Si
Id - 00419,MYJ-636,12/10/2024,14/10/2024,80187164,Tambopata,Vitoc," 10,839 "," 11,878 "," 11,721 "," 281,304 ",EC-0014," 3,360 ",28.00,30,L69, 535 ,No
Id - 00420,EYQ-965,12/10/2024,16/10/2024,51494182,Moyobamba.,Yauyesi," 8,441 "," 9,701 "," 9,845 "," 196,900 ",EC-0006, 840 ,36.00,123,S00, -   ,Si
Id - 00421,YFY-346,12/10/2024,16/10/2024,68767437,Belén,Atalaya," 10,769 "," 11,444 "," 15,416 "," 277,488 ",EC-0001," 2,622 ",35.00,119,S00, -   ,Si
Id - 00422,CBH-778,12/10/2024,15/10/2024,96083445,Pucallpa,Bagua," 11,373 "," 12,321 "," 9,936 "," 49,680 ",EC-0002," 1,950 ",40.00,37,M69," 2,675 ",Si
Id - 00423,FNX-889,12/10/2024,16/10/2024,33061856,Tambopata,Bagua," 6,977 "," 8,349 "," 18,477 "," 498,879 ",EC-0015," 2,640 ",34.00,67,M86," 1,284 ",No
Id - 00424,DWO-262,13/10/2024,15/10/2024,88915090,San Martín,Belén," 6,061 "," 6,772 "," 12,186 "," 255,906 ",EC-0004," 2,898 ",24.00,47,M39, 963 ,Si
Id - 00425,QST-198,13/10/2024,15/10/2024,87522564,Chanchamayo,Cacatachi," 11,179 "," 12,372 "," 11,500 "," 230,000 ",EC-0012," 2,392 ",27.00,64,S00, -   ,No
Id - 00426,ICB-538,13/10/2024,17/10/2024,16814873,Oxapampa,Chachapoyas," 11,854 "," 13,345 "," 9,403 "," 216,269 ",EC-0010," 1,580 ",38.00,43,M89," 3,210 ",Si
Id - 00427,BXZ-199,14/10/2024,17/10/2024,17698615,Tingo María,Chanchamayo," 11,036 "," 12,578 "," 9,196 "," 174,724 ",EC-0007, 756 ,25.00,132,M35," 2,943 ",No
Id - 00428,ZWO-518,15/10/2024,17/10/2024,59306493,Punchana,Chanchamayo," 9,408 "," 10,029 "," 18,893 "," 529,004 ",EC-0008," 2,208 ",41.00,127,G69, 428 ,Si
Id - 00429,JMJ-676,15/10/2024,17/10/2024,39103695,Jaén,Coviriali," 5,989 "," 6,911 "," 18,000 "," 126,000 ",EC-0005," 3,969 ",28.00,47,S00, -   ,No
Id - 00430,IMB-180,16/10/2024,20/10/2024,54309474,Marcapata,Iñapari," 9,061 "," 9,791 "," 16,298 "," 342,258 ",EC-0003," 3,025 ",41.00,72,S00, -   ,Si
Id - 00431,BYT-851,16/10/2024,20/10/2024,99016333,San Juan Bautista,Jaén," 6,492 "," 6,988 "," 15,865 "," 317,300 ",EC-0011, 546 ,23.00,33,S00, -   ,No
Id - 00432,YSS-710,17/10/2024,21/10/2024,67839478,Bagua,Jaén," 5,485 "," 7,047 "," 19,099 "," 267,386 ",EC-0009," 1,212 ",29.00,142,L85," 2,140 ",No
Id - 00433,KKZ-858,18/10/2024,22/10/2024,96013105,Chachapoyas,Jauja," 7,675 "," 9,229 "," 10,557 "," 116,127 ",EC-0013," 4,416 ",26.00,104,S00, -   ,Si
Id - 00434,QFP-733,19/10/2024,21/10/2024,62478524,Atalaya,Juan Guerra," 11,029 "," 12,923 "," 12,895 "," 77,370 ",EC-0014," 1,540 ",25.00,131,L69, 535 ,Si
Id - 00435,FHZ-825,19/10/2024,23/10/2024,29600236,Iñapari,La Banda de Shilcayo," 9,421 "," 9,981 "," 15,109 "," 332,398 ",EC-0006," 2,232 ",25.00,149,S00, -   ,No
Id - 00436,FRS-683,21/10/2024,23/10/2024,23847972,La Banda de Shilcayo,Llaylla," 9,769 "," 10,504 "," 10,958 "," 252,034 ",EC-0001, 897 ,22.00,149,M66," 5,350 ",No
Id - 00437,WPP-389,21/10/2024,24/10/2024,72261813,Perené,Marcapata," 5,141 "," 6,358 "," 18,764 "," 394,044 ",EC-0002," 2,067 ",28.00,74,S00, -   ,Si
Id - 00438,MEZ-508,21/10/2024,26/10/2024,63835295,Yauyesi,Marcapata," 6,854 "," 7,963 "," 12,085 "," 84,595 ",EC-0015," 3,360 ",29.00,37,M86," 1,284 ",Si
Id - 00439,ZUB-241,22/10/2024,25/10/2024,30050744,Morales,Mazamari," 9,979 "," 11,194 "," 18,652 "," 447,648 ",EC-0004," 3,703 ",42.00,75,S00, -   ,No
Id - 00440,ODZ-914,22/10/2024,24/10/2024,60261514,Pichanaqui,Morales," 11,036 "," 12,918 "," 14,965 "," 74,825 ",EC-0012," 4,048 ",26.00,147,S00, -   ,Si
Id - 00441,MQG-627,22/10/2024,27/10/2024,32930315,San Luis de Shuaro,Moyobamba.," 6,151 "," 7,864 "," 12,170 "," 352,930 ",EC-0010," 3,680 ",35.00,80,S00, -   ,Si
Id - 00442,DZE-482,23/10/2024,28/10/2024,33496241,San Ramón,Oxapampa," 10,466 "," 12,396 "," 15,424 "," 138,816 ",EC-0007," 2,562 ",29.00,46,S00, -   ,No
Id - 00443,MYJ-636,23/10/2024,27/10/2024,80187164,Vitoc,Oxapampa," 6,696 "," 7,504 "," 16,274 "," 374,302 ",EC-0008," 1,219 ",23.00,38,G69, 428 ,No
Id - 00444,EYQ-965,24/10/2024,27/10/2024,51494182,Satipo,Pampa Hermosa," 8,586 "," 9,946 "," 17,632 "," 335,008 ",EC-0005," 2,100 ",33.00,130,S00, -   ,No
Id - 00445,YFY-346,24/10/2024,28/10/2024,68767437,Coviriali,Pangoa," 10,561 "," 11,969 "," 13,043 "," 247,817 ",EC-0003," 2,775 ",23.00,53,G81," 2,675 ",No
Id - 00446,CBH-778,24/10/2024,27/10/2024,96083445,Llaylla,Perené," 7,652 "," 8,432 "," 14,414 "," 302,694 ",EC-0011, 572 ,38.00,72,S00, -   ,Si
Id - 00447,FNX-889,24/10/2024,27/10/2024,33061856,Mazamari,Pichanaqui," 11,361 "," 12,984 "," 10,833 "," 184,161 ",EC-0009," 1,272 ",22.00,66,L85," 2,140 ",Si
Id - 00448,DWO-262,24/10/2024,27/10/2024,88915090,Pampa Hermosa,Pucallpa," 11,777 "," 13,728 "," 11,149 "," 301,023 ",EC-0013," 4,752 ",23.00,112,S00, -   ,No
Id - 00449,QST-198,25/10/2024,28/10/2024,87522564,Pangoa,Punchana," 10,468 "," 11,899 "," 12,680 "," 329,680 ",EC-0014," 3,920 ",23.00,54,L69, 535 ,Si
Id - 00450,ICB-538,25/10/2024,28/10/2024,16814873,Río Negro,Río Negro," 6,223 "," 7,800 "," 12,611 "," 126,110 ",EC-0006, 492 ,40.00,106,S00, -   ,No
Id - 00451,BXZ-199,28/10/2024,30/10/2024,17698615,Río Tambo.,Río Tambo.," 10,953 "," 12,052 "," 17,999 "," 143,992 ",EC-0001, 805 ,29.00,105,M66," 5,350 ",No
Id - 00452,JMJ-676,28/10/2024,02/11/2024,59306493,Cacatachi,San Juan Bautista," 11,997 "," 13,496 "," 14,028 "," 392,784 ",EC-0002," 1,443 ",39.00,127,M69," 2,675 ",No
Id - 00453,IMB-180,28/10/2024,31/10/2024,39103695,Juan Guerra,San Luis de Shuaro," 5,337 "," 7,079 "," 17,180 "," 412,320 ",EC-0015," 3,072 ",38.00,138,M86," 1,284 ",No
Id - 00454,BYT-851,28/10/2024,31/10/2024,54309474,Jauja,San Martín," 8,740 "," 10,404 "," 17,990 "," 269,850 ",EC-0004," 4,600 ",24.00,118,M39, 963 ,Si
Id - 00455,YSS-710,29/10/2024,01/11/2024,99016333,Jaén,San Ramón," 5,656 "," 7,324 "," 18,888 "," 339,984 ",EC-0012," 3,059 ",39.00,93,S00, -   ,No
Id - 00456,KKZ-858,30/10/2024,01/11/2024,67839478,Bagua,Satipo," 10,336 "," 10,909 "," 19,065 "," 209,715 ",EC-0010," 2,660 ",24.00,108,M89," 3,210 ",No
Id - 00457,QFP-733,31/10/2024,04/11/2024,96013105,Tingo María,Tambopata," 11,824 "," 13,020 "," 11,906 "," 95,248 ",EC-0007," 2,184 ",39.00,61,M35," 2,943 ",No
Id - 00458,FHZ-825,31/10/2024,02/11/2024,62478524,Chanchamayo,Tambopata," 7,222 "," 8,835 "," 19,143 "," 421,146 ",EC-0008," 3,657 ",26.00,115,S00, -   ,No
Id - 00459,FRS-683,31/10/2024,02/11/2024,29600236,Oxapampa,Tingo María," 11,547 "," 12,119 "," 18,400 "," 368,000 ",EC-0005," 4,011 ",42.00,75,G14, 375 ,No
Id - 00460,WPP-389,01/11/2024,03/11/2024,23847972,Marcapata,Tingo María," 5,912 "," 6,348 "," 11,699 "," 339,271 ",EC-0003," 4,700 ",23.00,121,S00, -   ,No
Id - 00461,MEZ-508,02/11/2024,07/11/2024,72261813,Tambopata,Vitoc," 6,626 "," 6,974 "," 10,602 "," 148,428 ",EC-0011," 2,171 ",42.00,108,L80," 1,605 ",No
Id - 00462,ZUB-241,05/11/2024,07/11/2024,63835295,Moyobamba.,Yauyesi," 11,719 "," 13,473 "," 13,857 "," 401,853 ",EC-0009, 636 ,40.00,100,L85," 2,140 ",Si
Id - 00463,ODZ-914,05/11/2024,07/11/2024,30050744,Belén,Atalaya," 11,189 "," 11,795 "," 13,325 "," 133,250 ",EC-0013," 2,232 ",41.00,92,L87," 1,070 ",Si
Id - 00464,MQG-627,06/11/2024,09/11/2024,60261514,Pucallpa,Bagua," 11,087 "," 11,717 "," 13,820 "," 290,220 ",EC-0014," 3,540 ",39.00,115,L69, 535 ,No
Id - 00465,DZE-482,07/11/2024,09/11/2024,32930315,Tambopata,Bagua," 10,927 "," 12,057 "," 18,763 "," 337,734 ",EC-0006," 2,232 ",28.00,79,S00, -   ,No
Id - 00466,MYJ-636,07/11/2024,09/11/2024,33496241,San Martín,Belén," 7,210 "," 8,727 "," 9,762 "," 195,240 ",EC-0001," 1,219 ",42.00,47,S00, -   ,No
Id - 00467,EYQ-965,08/11/2024,11/11/2024,80187164,Chanchamayo,Cacatachi," 7,903 "," 9,769 "," 12,379 "," 123,790 ",EC-0002," 1,560 ",42.00,64,M69," 2,675 ",No
Id - 00468,YFY-346,08/11/2024,10/11/2024,51494182,Oxapampa,Chachapoyas," 9,182 "," 9,547 "," 13,307 "," 172,991 ",EC-0015," 1,008 ",39.00,66,M86," 1,284 ",Si
Id - 00469,CBH-778,08/11/2024,13/11/2024,68767437,Tingo María,Chanchamayo," 11,239 "," 11,991 "," 10,878 "," 130,536 ",EC-0004," 2,208 ",37.00,49,M39, 963 ,Si
Id - 00470,FNX-889,09/11/2024,11/11/2024,96083445,Punchana,Chanchamayo," 6,658 "," 7,616 "," 18,842 "," 546,418 ",EC-0012," 3,565 ",31.00,123,S00, -   ,Si
Id - 00471,DWO-262,10/11/2024,13/11/2024,33061856,Jaén,Coviriali," 7,215 "," 9,211 "," 10,120 "," 253,000 ",EC-0010," 3,560 ",40.00,82,M89," 3,210 ",Si
Id - 00472,QST-198,13/11/2024,16/11/2024,88915090,Marcapata,Iñapari," 8,216 "," 9,231 "," 11,682 "," 186,912 ",EC-0007," 1,750 ",42.00,132,M35," 2,943 ",No
Id - 00473,ICB-538,13/11/2024,16/11/2024,87522564,San Juan Bautista,Jaén," 10,911 "," 11,561 "," 9,112 "," 91,120 ",EC-0008," 4,370 ",35.00,136,G69, 428 ,No
Id - 00474,BXZ-199,15/11/2024,18/11/2024,16814873,Bagua,Jaén," 9,830 "," 11,469 "," 14,340 "," 229,440 ",EC-0005," 3,339 ",27.00,140,S00, -   ,No
Id - 00475,ZWO-518,16/11/2024,18/11/2024,17698615,Chachapoyas,Jauja," 5,293 "," 6,944 "," 16,434 "," 98,604 ",EC-0003," 1,775 ",34.00,146,S00, -   ,No
Id - 00476,JMJ-676,16/11/2024,18/11/2024,59306493,Atalaya,Juan Guerra," 5,041 "," 6,346 "," 18,709 "," 318,053 ",EC-0011," 2,418 ",33.00,100,S00, -   ,No
Id - 00477,IMB-180,16/11/2024,20/11/2024,39103695,Iñapari,La Banda de Shilcayo," 11,004 "," 12,827 "," 19,461 "," 505,986 ",EC-0009," 1,848 ",23.00,66,L85," 2,140 ",Si
Id - 00478,BYT-851,16/11/2024,18/11/2024,54309474,La Banda de Shilcayo,Llaylla," 11,033 "," 11,579 "," 19,483 "," 214,313 ",EC-0013," 3,504 ",30.00,73,S00, -   ,Si
Id - 00479,YSS-710,16/11/2024,21/11/2024,99016333,Perené,Marcapata," 11,524 "," 12,808 "," 18,396 "," 183,960 ",EC-0014, 840 ,32.00,53,L69, 535 ,Si
Id - 00480,KKZ-858,17/11/2024,19/11/2024,67839478,Yauyesi,Marcapata," 7,154 "," 7,907 "," 10,273 "," 123,276 ",EC-0006," 2,280 ",35.00,108,S00, -   ,No
Id - 00481,QFP-733,17/11/2024,21/11/2024,96013105,Morales,Mazamari," 11,557 "," 13,133 "," 15,941 "," 95,646 ",EC-0001," 3,381 ",37.00,124,M66," 5,350 ",Si
Id - 00482,FHZ-825,18/11/2024,23/11/2024,62478524,Pichanaqui,Morales," 6,100 "," 7,575 "," 9,512 "," 218,776 ",EC-0002," 2,535 ",36.00,137,S00, -   ,No
Id - 00483,FRS-683,18/11/2024,23/11/2024,29600236,San Luis de Shuaro,Moyobamba.," 8,750 "," 9,946 "," 9,006 "," 252,168 ",EC-0015," 3,528 ",27.00,104,M86," 1,284 ",No
Id - 00484,WPP-389,19/11/2024,24/11/2024,23847972,San Ramón,Oxapampa," 11,369 "," 13,337 "," 17,356 "," 208,272 ",EC-0004," 4,186 ",41.00,137,S00, -   ,No
Id - 00485,MEZ-508,19/11/2024,24/11/2024,72261813,Vitoc,Oxapampa," 5,391 "," 6,527 "," 12,356 "," 308,900 ",EC-0012," 2,645 ",24.00,96,S00, -   ,Si
Id - 00486,ZUB-241,19/11/2024,24/11/2024,63835295,Satipo,Pampa Hermosa," 8,937 "," 10,924 "," 18,501 "," 444,024 ",EC-0010," 2,020 ",38.00,129,S00, -   ,No
Id - 00487,ODZ-914,20/11/2024,22/11/2024,30050744,Coviriali,Pangoa," 10,450 "," 10,949 "," 10,352 "," 124,224 ",EC-0007, 434 ,31.00,73,S00, -   ,Si
Id - 00488,MQG-627,20/11/2024,24/11/2024,60261514,Llaylla,Perené," 6,285 "," 7,358 "," 17,553 "," 351,060 ",EC-0008," 1,771 ",30.00,32,G69, 428 ,No
Id - 00489,DZE-482,21/11/2024,25/11/2024,32930315,Mazamari,Pichanaqui," 8,374 "," 10,221 "," 9,241 "," 92,410 ",EC-0005," 3,423 ",22.00,143,S00, -   ,Si
Id - 00490,MYJ-636,21/11/2024,26/11/2024,33496241,Pampa Hermosa,Pucallpa," 6,262 "," 7,855 "," 14,779 "," 133,011 ",EC-0003," 3,800 ",26.00,131,G81," 2,675 ",No
Id - 00491,EYQ-965,22/11/2024,26/11/2024,80187164,Pangoa,Punchana," 7,256 "," 8,585 "," 19,289 "," 520,803 ",EC-0011, 741 ,31.00,31,S00, -   ,Si
Id - 00492,YFY-346,23/11/2024,27/11/2024,51494182,Río Negro,Río Negro," 6,296 "," 6,889 "," 18,283 "," 146,264 ",EC-0009," 2,004 ",29.00,97,L85," 2,140 ",No
Id - 00493,CBH-778,23/11/2024,25/11/2024,68767437,Río Tambo.,Río Tambo.," 7,529 "," 9,015 "," 12,331 "," 160,303 ",EC-0013," 2,544 ",36.00,57,S00, -   ,No
Id - 00494,FNX-889,24/11/2024,27/11/2024,96083445,Cacatachi,San Juan Bautista," 7,910 "," 8,489 "," 10,408 "," 228,976 ",EC-0014," 2,340 ",27.00,72,L69, 535 ,Si
Id - 00495,DWO-262,25/11/2024,27/11/2024,33061856,Juan Guerra,San Luis de Shuaro," 10,609 "," 12,489 "," 15,768 "," 204,984 ",EC-0006," 1,356 ",29.00,146,S00, -   ,No
Id - 00496,QST-198,25/11/2024,30/11/2024,88915090,Jauja,San Martín," 10,034 "," 11,453 "," 13,021 "," 338,546 ",EC-0001," 3,841 ",23.00,135,M66," 5,350 ",Si
Id - 00497,ICB-538,26/11/2024,30/11/2024,87522564,Jaén,San Ramón," 9,650 "," 10,354 "," 13,641 "," 95,487 ",EC-0002," 1,079 ",22.00,108,M69," 2,675 ",Si
Id - 00498,BXZ-199,26/11/2024,28/11/2024,16814873,Bagua,Satipo," 9,299 "," 10,455 "," 18,265 "," 237,445 ",EC-0015," 2,400 ",28.00,69,M86," 1,284 ",No
Id - 00499,ZWO-518,27/11/2024,02/12/2024,17698615,Tingo María,Tambopata," 7,750 "," 8,457 "," 18,713 "," 168,417 ",EC-0004," 3,174 ",34.00,48,M39, 963 ,No
Id - 00500,JMJ-676,27/11/2024,30/11/2024,59306493,Chanchamayo,Tambopata," 10,275 "," 12,030 "," 10,817 "," 75,719 ",EC-0012," 2,254 ",25.00,80,S00, -   ,No
Id - 00501,IMB-180,27/11/2024,02/12/2024,39103695,Oxapampa,Tingo María," 10,044 "," 10,577 "," 11,225 "," 325,525 ",EC-0010," 2,480 ",28.00,50,M89," 3,210 ",Si
Id - 00502,BYT-851,28/11/2024,02/12/2024,54309474,Marcapata,Tingo María," 7,459 "," 9,238 "," 15,449 "," 401,674 ",EC-0007," 2,184 ",29.00,81,M35," 2,943 ",Si
Id - 00503,YSS-710,29/11/2024,01/12/2024,99016333,Tambopata,Vitoc," 5,162 "," 7,069 "," 14,830 "," 192,790 ",EC-0008," 2,484 ",26.00,85,S00, -   ,No
Id - 00504,KKZ-858,29/11/2024,01/12/2024,67839478,Moyobamba.,Yauyesi," 9,254 "," 10,279 "," 13,145 "," 92,015 ",EC-0005," 2,919 ",40.00,125,S00, -   ,No
Id - 00505,QFP-733,29/11/2024,04/12/2024,96013105,Belén,Atalaya," 8,007 "," 8,902 "," 16,322 "," 473,338 ",EC-0003," 3,750 ",36.00,137,S00, -   ,No
Id - 00506,FHZ-825,30/11/2024,04/12/2024,62478524,Pucallpa,Bagua," 7,280 "," 9,081 "," 11,796 "," 212,328 ",EC-0011," 1,183 ",36.00,40,S00, -   ,Si
Id - 00507,FRS-683,01/12/2024,05/12/2024,29600236,Tambopata,Bagua," 7,430 "," 8,124 "," 17,060 "," 324,140 ",EC-0009," 2,184 ",39.00,149,S00, -   ,Si
Id - 00508,WPP-389,01/12/2024,05/12/2024,23847972,San Martín,Belén," 8,711 "," 10,595 "," 16,501 "," 247,515 ",EC-0013," 3,192 ",30.00,115,S00, -   ,Si
Id - 00509,MEZ-508,01/12/2024,05/12/2024,72261813,Chanchamayo,Cacatachi," 6,283 "," 7,741 "," 17,931 "," 304,827 ",EC-0014," 2,980 ",36.00,92,S00, -   ,No
Id - 00510,ZUB-241,02/12/2024,04/12/2024,63835295,Oxapampa,Chachapoyas," 5,034 "," 6,793 "," 12,538 "," 225,684 ",EC-0006, 600 ,29.00,61,S00, -   ,No
Id - 00511,ODZ-914,03/12/2024,08/12/2024,30050744,Tingo María,Chanchamayo," 5,096 "," 5,887 "," 17,333 "," 467,991 ",EC-0001," 3,427 ",29.00,80,S00, -   ,Si
Id - 00512,MQG-627,03/12/2024,08/12/2024,60261514,Punchana,Chanchamayo," 7,023 "," 7,848 "," 10,432 "," 250,368 ",EC-0002," 1,235 ",39.00,49,S00, -   ,No
Id - 00513,DZE-482,03/12/2024,05/12/2024,32930315,Jaén,Coviriali," 9,267 "," 10,226 "," 18,333 "," 293,328 ",EC-0015," 1,176 ",33.00,84,S00, -   ,Si
Id - 00514,MYJ-636,03/12/2024,06/12/2024,33496241,Marcapata,Iñapari," 11,377 "," 12,669 "," 11,956 "," 239,120 ",EC-0004," 3,335 ",34.00,87,S00, -   ,Si
Id - 00515,EYQ-965,04/12/2024,09/12/2024,80187164,San Juan Bautista,Jaén," 7,737 "," 9,185 "," 15,425 "," 431,900 ",EC-0012," 2,070 ",23.00,144,S00, -   ,Si
Id - 00516,YFY-346,04/12/2024,07/12/2024,51494182,Bagua,Jaén," 10,569 "," 11,878 "," 15,184 "," 121,472 ",EC-0010," 3,860 ",37.00,91,S00, -   ,Si
Id - 00517,CBH-778,05/12/2024,09/12/2024,68767437,Chachapoyas,Jauja," 9,739 "," 11,438 "," 14,405 "," 288,100 ",EC-0007," 1,120 ",25.00,104,S00, -   ,Si
Id - 00518,FNX-889,05/12/2024,07/12/2024,96083445,Atalaya,Juan Guerra," 5,777 "," 6,995 "," 12,747 "," 114,723 ",EC-0008," 3,312 ",36.00,31,S00, -   ,No
Id - 00519,DWO-262,05/12/2024,08/12/2024,33061856,Iñapari,La Banda de Shilcayo," 11,563 "," 12,121 "," 18,162 "," 381,402 ",EC-0005," 2,751 ",28.00,140,S00, -   ,Si
Id - 00520,QST-198,07/12/2024,10/12/2024,88915090,La Banda de Shilcayo,Llaylla," 6,200 "," 7,350 "," 16,121 "," 177,331 ",EC-0003," 4,425 ",32.00,33,S00, -   ,No
Id - 00521,ICB-538,09/12/2024,14/12/2024,87522564,Perené,Marcapata," 5,125 "," 6,376 "," 16,257 "," 422,682 ",EC-0011," 1,742 ",35.00,39,S00, -   ,No
Id - 00522,BXZ-199,09/12/2024,13/12/2024,16814873,Yauyesi,Marcapata," 10,110 "," 11,692 "," 16,619 "," 332,380 ",EC-0009," 1,788 ",35.00,127,S00, -   ,Si
Id - 00523,ZWO-518,09/12/2024,12/12/2024,17698615,Morales,Mazamari," 9,025 "," 10,016 "," 18,674 "," 504,198 ",EC-0013," 3,384 ",24.00,146,S00, -   ,Si
Id - 00524,JMJ-676,10/12/2024,15/12/2024,59306493,Pichanaqui,Morales," 9,461 "," 11,287 "," 17,269 "," 189,959 ",EC-0014," 1,300 ",29.00,52,S00, -   ,No
Id - 00525,IMB-180,11/12/2024,15/12/2024,39103695,San Luis de Shuaro,Moyobamba.," 8,743 "," 9,978 "," 19,939 "," 358,902 ",EC-0006, 372 ,22.00,146,S00, -   ,Si
Id - 00526,BYT-851,11/12/2024,13/12/2024,54309474,San Ramón,Oxapampa," 8,687 "," 9,636 "," 19,855 "," 536,085 ",EC-0001," 1,104 ",23.00,31,S00, -   ,No
Id - 00527,YSS-710,13/12/2024,18/12/2024,99016333,Vitoc,Oxapampa," 10,206 "," 11,599 "," 11,492 "," 114,920 ",EC-0002, 481 ,42.00,86,S00, -   ,No
Id - 00528,KKZ-858,13/12/2024,17/12/2024,67839478,Satipo,Pampa Hermosa," 9,573 "," 10,293 "," 18,351 "," 165,159 ",EC-0015, 912 ,23.00,33,S00, -   ,No
Id - 00529,QFP-733,13/12/2024,15/12/2024,96013105,Coviriali,Pangoa," 11,345 "," 13,325 "," 11,439 "," 194,463 ",EC-0004," 3,059 ",28.00,97,S00, -   ,Si
Id - 00530,FHZ-825,14/12/2024,18/12/2024,62478524,Llaylla,Perené," 5,954 "," 7,953 "," 18,419 "," 276,285 ",EC-0012," 4,324 ",38.00,32,S00, -   ,Si
Id - 00531,FRS-683,14/12/2024,18/12/2024,29600236,Mazamari,Pichanaqui," 11,000 "," 12,614 "," 15,492 "," 464,760 ",EC-0010," 3,920 ",28.00,147,S00, -   ,Si
Id - 00532,WPP-389,16/12/2024,19/12/2024,23847972,Pampa Hermosa,Pucallpa," 9,632 "," 10,522 "," 15,718 "," 204,334 ",EC-0007," 2,324 ",33.00,68,S00, -   ,Si
Id - 00533,MEZ-508,16/12/2024,18/12/2024,72261813,Pangoa,Punchana," 7,793 "," 9,507 "," 18,857 "," 395,997 ",EC-0008," 1,587 ",25.00,87,S00, -   ,Si
Id - 00534,ZUB-241,16/12/2024,20/12/2024,63835295,Río Negro,Río Negro," 7,163 "," 7,681 "," 19,229 "," 480,725 ",EC-0005," 1,512 ",33.00,114,S00, -   ,No
Id - 00535,ODZ-914,16/12/2024,21/12/2024,30050744,Río Tambo.,Río Tambo.," 11,812 "," 13,009 "," 10,352 "," 62,112 ",EC-0003," 2,975 ",25.00,34,G81," 2,675 ",Si
Id - 00536,MQG-627,16/12/2024,18/12/2024,60261514,Cacatachi,San Juan Bautista," 9,271 "," 9,960 "," 15,271 "," 458,130 ",EC-0011," 2,132 ",41.00,39,S00, -   ,Si
Id - 00537,DZE-482,16/12/2024,21/12/2024,32930315,Juan Guerra,San Luis de Shuaro," 8,747 "," 9,077 "," 16,486 "," 362,692 ",EC-0009," 2,316 ",32.00,74,L85," 2,140 ",Si
Id - 00538,MYJ-636,16/12/2024,20/12/2024,33496241,Jauja,San Martín," 5,227 "," 5,739 "," 18,339 "," 366,780 ",EC-0013," 3,192 ",31.00,95,S00, -   ,Si
Id - 00539,EYQ-965,17/12/2024,21/12/2024,80187164,Jaén,San Ramón," 10,388 "," 12,089 "," 19,757 "," 395,140 ",EC-0014," 3,140 ",34.00,70,L69, 535 ,Si
Id - 00540,YFY-346,18/12/2024,23/12/2024,51494182,Bagua,Satipo," 6,610 "," 8,359 "," 17,904 "," 125,328 ",EC-0006," 2,112 ",42.00,113,S00, -   ,Si
Id - 00541,CBH-778,19/12/2024,24/12/2024,68767437,Tingo María,Tambopata," 9,430 "," 10,554 "," 10,723 "," 117,953 ",EC-0001," 2,760 ",28.00,130,M66," 5,350 ",No
Id - 00542,FNX-889,19/12/2024,22/12/2024,96083445,Chanchamayo,Tambopata," 10,117 "," 11,973 "," 9,639 "," 240,975 ",EC-0002," 1,534 ",39.00,104,M69," 2,675 ",No
Id - 00543,DWO-262,20/12/2024,24/12/2024,33061856,Oxapampa,Tingo María," 10,645 "," 11,332 "," 16,281 "," 472,149 ",EC-0015," 3,816 ",22.00,113,M86," 1,284 ",Si
Id - 00544,QST-198,20/12/2024,24/12/2024,88915090,Marcapata,Tingo María," 7,335 "," 9,147 "," 19,990 "," 559,720 ",EC-0004," 1,035 ",37.00,58,M39, 963 ,Si
Id - 00545,ICB-538,20/12/2024,22/12/2024,87522564,Tambopata,Vitoc," 10,090 "," 10,405 "," 16,349 "," 441,423 ",EC-0012," 3,726 ",39.00,78,S00, -   ,Si
Id - 00546,BXZ-199,21/12/2024,25/12/2024,16814873,Moyobamba.,Yauyesi," 6,363 "," 7,362 "," 9,700 "," 223,100 ",EC-0010," 2,500 ",25.00,129,M89," 3,210 ",Si
Id - 00547,JMJ-676,21/12/2024,25/12/2024,17698615,Belén,Atalaya," 7,328 "," 8,870 "," 17,983 "," 539,490 ",EC-0007, 630 ,26.00,121,M35," 2,943 ",No
Id - 00548,IMB-180,22/12/2024,24/12/2024,59306493,Pucallpa,Bagua," 8,782 "," 10,575 "," 14,073 "," 408,117 ",EC-0008," 3,795 ",35.00,137,S00, -   ,Si
Id - 00549,BYT-851,23/12/2024,25/12/2024,39103695,Tambopata,Bagua," 10,259 "," 12,030 "," 11,117 "," 111,170 ",EC-0005," 1,428 ",37.00,126,G14, 375 ,No
Id - 00550,YSS-710,23/12/2024,25/12/2024,54309474,San Martín,Belén," 7,384 "," 8,144 "," 9,523 "," 76,184 ",EC-0003," 2,075 ",31.00,71,S00, -   ,Si
Id - 00551,KKZ-858,24/12/2024,27/12/2024,99016333,Chanchamayo,Cacatachi," 10,626 "," 11,750 "," 11,025 "," 154,350 ",EC-0011," 1,469 ",37.00,32,L80," 1,605 ",No
Id - 00552,QFP-733,25/12/2024,29/12/2024,67839478,Oxapampa,Chachapoyas," 10,016 "," 11,031 "," 16,874 "," 421,850 ",EC-0009," 1,080 ",37.00,85,L85," 2,140 ",Si
Id - 00553,FHZ-825,25/12/2024,28/12/2024,96013105,Tingo María,Chanchamayo," 5,097 "," 5,520 "," 12,281 "," 356,149 ",EC-0013," 2,112 ",23.00,127,L87," 1,070 ",No
Id - 00554,FRS-683,25/12/2024,29/12/2024,62478524,Punchana,Chanchamayo," 10,648 "," 11,109 "," 19,110 "," 114,660 ",EC-0014," 2,240 ",27.00,35,L69, 535 ,Si
Id - 00555,WPP-389,26/12/2024,28/12/2024,29600236,Jaén,Coviriali," 11,736 "," 12,090 "," 18,946 "," 94,730 ",EC-0006," 1,512 ",25.00,115,S00, -   ,Si
Id - 00556,MEZ-508,28/12/2024,31/12/2024,23847972,Marcapata,Iñapari," 11,998 "," 13,681 "," 11,219 "," 56,095 ",EC-0001," 4,600 ",27.00,128,S00, -   ,Si
Id - 00557,ZUB-241,28/12/2024,01/01/2025,72261813,San Juan Bautista,Jaén," 7,558 "," 9,336 "," 9,236 "," 46,180 ",EC-0002, 676 ,35.00,42,M69," 2,675 ",No
Id - 00558,ODZ-914,28/12/2024,02/01/2025,63835295,Bagua,Jaén," 6,884 "," 8,862 "," 15,123 "," 75,615 ",EC-0015," 3,192 ",27.00,60,M86," 1,284 ",Si
Id - 00559,MQG-627,29/12/2024,31/12/2024,30050744,Chachapoyas,Jauja," 5,027 "," 6,551 "," 9,542 "," 114,504 ",EC-0004," 2,645 ",34.00,128,M39, 963 ,No
Id - 00560,DZE-482,30/12/2024,04/01/2025,60261514,Atalaya,Juan Guerra," 8,125 "," 8,990 "," 19,104 "," 362,976 ",EC-0012," 3,059 ",23.00,76,S00, -   ,No
Id - 00561,MYJ-636,30/12/2024,01/01/2025,32930315,Iñapari,La Banda de Shilcayo," 5,687 "," 6,905 "," 12,808 "," 140,888 ",EC-0010," 3,800 ",24.00,31,M89," 3,210 ",No
Id - 00562,EYQ-965,31/12/2024,05/01/2025,33496241,La Banda de Shilcayo,Llaylla," 8,528 "," 10,255 "," 14,467 "," 434,010 ",EC-0007," 1,190 ",25.00,137,M35," 2,943 ",Si
,,,,,,,,,,,,,,,,,
,,,,,,,,,,,,,,,,,
,,,,,,,,,,,,,,,,,
